Aluno,Universidade,Nota,Resultado
K6028,A3000,,Cancelada
G6246,A3000,"2,82",Cancelada
G6036,A3000,"3,15",Cancelada
I6152,A3000,"2,48",Cancelada
I6116,B3001,,Cancelada
K6100,C3002,,Escolhida
H6007,D3003,"3,15",Escolhida
G6030,D3003,"3,15",Aceita
K6214,D3003,,Cancelada
K6034,D3003,"3,15",Aceita
L6089,D3003,"2,82",Aceita
I6098,D3003,"3,48",Aceita
G6126,D3003,,Aceita
J6117,E3004,"4,15",Cancelada
J6237,E3004,,Cancelada
G6132,E3004,,Negada
I6212,E3004,,Negada
J6213,E3004,,Negada
H6001,F3005,,Aceita
H6019,F3005,"2,82",Aceita
L6029,F3005,,Negada
G6066,F3005,,Cancelada
H6073,F3005,"2,82",Cancelada
I6074,F3005,,Cancelada
I6116,F3005,,Cancelada
L6137,F3005,,Cancelada
L6209,F3005,,Cancelada
G6036,F3005,"3,15",Inválida / Cancelada
L6041,F3005,"3,48",Aceita
L6047,F3005,,Negada
J6057,F3005,"2,82",Aceita
K6082,F3005,,Aceita
L6083,F3005,"3,15",Cancelada
G6084,F3005,"2,82",Aceita
H6097,F3005,"3,48",Cancelada
L6107,F3005,,Cancelada
J6123,F3005,,Aceita
K6148,F3005,"2,15",Cancelada
G6156,F3005,,Cancelada
H6157,F3005,"3,48",Aceita
K6160,F3005,"2,82",Aceita
H6163,F3005,,Cancelada
L6173,F3005,,Cancelada
G6222,F3005,"2,82",Aceita
J6231,F3005,"2,48",Cancelada
G6240,F3005,,Negada
J6081,A3006,,Aceita
K6028,B3007,,Cancelada
H6169,B3007,,Cancelada
L6227,C3008,"2,15",Cancelada
I6062,C3008,"3,48",Aceita
L6227,C3008,"2,15",Aceita
G6138,D3009,,Cancelada
G6234,E3010,"3,48",Cancelada
I6056,E3010,"3,82",Negada
G6066,E3010,,Escolhida
K6076,E3010,"3,15",Negada
K6094,E3010,,Negada
L6101,E3010,"3,48",Escolhida
L6137,E3010,,Inválida / Cancelada
J6177,F3011,,Aceita
K6112,A3012,"3,15",Negada
L6149,A3012,"4,15",Negada
L6071,B3013,"2,15",Negada
J6231,C3014,"2,48",Cancelada
I6074,D3015,,Cancelada
K6214,E3016,,Cancelada
K6004,F3017,"3,15",Escolhida
K6220,F3017,"3,15",Cancelada
J6231,A3018,"2,48",Cancelada
J6231,A3018,"2,48",Cancelada
J6231,A3018,"2,48",Escolhida
L6167,B3019,,Negada
L6191,C3020,,Aceita
I6008,D3021,"2,82",Negada
L6011,D3021,,Aceita
H6007,D3021,"3,15",Cancelada
J6147,D3021,,Cancelada
K6076,D3021,"3,15",Negada
H6079,D3021,,Cancelada
L6095,D3021,,Aceita
I6182,D3021,"3,24",Negada
K6190,D3021,"2,15",Inválida / Cancelada
J6201,D3021,,Aceita
G6234,D3021,"3,48",Negada
J6243,D3021,"2,82",Negada
K6100,E3022,,Negada
G6000,F3023,"4,15",Aceita
H6013,F3023,"2,15",Negada
K6022,F3023,"3,48",Aceita
H6025,F3023,"2,82",Cancelada
L6077,F3023,"4,15",Cancelada
J6147,F3023,,Cancelada
L6053,F3023,"2,82",Negada
K6058,F3023,"3,48",Negada
L6065,F3023,,Negada
J6075,F3023,,Negada
K6076,F3023,"3,15",Negada
H6079,F3023,,Cancelada
J6093,F3023,"3,82",Negada
L6095,F3023,,Aceita
G6096,F3023,"3,15",Negada
I6098,F3023,"3,48",Negada
J6099,F3023,"3,48",Aceita
L6101,F3023,"3,48",Aceita
I6116,F3023,,Negada
K6118,F3023,"4,15",Aceita
G6120,F3023,"3,15",Cancelada
I6122,F3023,"3,48",Aceita
G6126,F3023,,Negada
I6128,F3023,,Negada
I6134,F3023,"3,48",Aceita
L6137,F3023,,Negada
H6139,F3023,,Negada
I6158,F3023,,Negada
L6161,F3023,,Aceita
H6163,F3023,,Negada
K6166,F3023,"3,48",Aceita
I6176,F3023,"3,15",Negada
K6190,F3023,"2,15",Negada
K6202,F3023,,Negada
K6220,F3023,"3,15",Negada
K6226,F3023,,Negada
I6230,F3023,"3,15",Negada
G6234,F3023,"3,48",Aceita
K6238,F3023,"3,48",Negada
K6112,A3024,"3,15",Negada
G6132,A3024,,Aceita
J6237,A3024,,Negada
I6242,B3025,"2,82",Aceita
H6235,C3026,"3,15",Cancelada
H6235,D3027,"3,15",Negada
L6233,E3028,,Inválida / Cancelada
J6231,F3029,"2,48",Cancelada
H6229,F3029,"4,15",Cancelada
J6063,A3030,,Aceita
G6000,B3031,"4,15",Negada
L6023,B3031,"4,15",Negada
G6030,B3031,"3,15",Negada
K6022,B3031,"3,48",Cancelada
J6183,B3031,,Cancelada
H6229,B3031,"4,15",Cancelada
G6042,B3031,,Negada
I6056,B3031,"3,82",Negada
I6068,B3031,,Negada
K6070,B3031,"3,82",Negada
I6080,B3031,"3,48",Negada
J6093,B3031,"3,82",Aceita
K6094,B3031,,Negada
G6102,B3031,"3,48",Negada
G6108,B3031,,Negada
J6117,B3031,"4,15",Negada
L6125,B3031,"4,15",Negada
G6132,B3031,,Negada
I6146,B3031,"3,48",Negada
I6152,B3031,"2,48",Negada
G6168,B3031,"3,82",Negada
I6212,B3031,,Negada
J6213,B3031,,Negada
H6229,B3031,"4,15",Negada
G6234,B3031,"3,48",Negada
J6237,B3031,,Negada
H6025,C3032,"2,82",Cancelada
K6112,D3033,"3,15",Negada
I6104,E3034,,Cancelada
J6141,E3034,"3,82",Cancelada
G6060,E3034,"3,82",Negada
J6117,E3034,"4,15",Negada
G6168,E3034,"3,82",Negada
H6037,F3035,"2,48",Aceita
H6169,A3036,,Aceita
G6246,A3036,"2,82",Aceita
J6105,B3037,,Negada
K6166,B3037,"3,48",Negada
K6172,C3038,,Cancelada
H6169,C3038,,Negada
I6026,D3039,,Aceita
L6047,D3039,,Negada
L6059,D3039,"2,15",Negada
H6073,D3039,"2,82",Escolhida
J6075,D3039,,Negada
I6164,E3040,"2,82",Cancelada
L6035,E3040,"3,15",Negada
L6107,E3040,,Aceita
L6011,F3041,,Cancelada
I6080,F3041,"3,48",Cancelada
K6148,F3041,"2,15",Aceita
K6178,F3041,,Aceita
G6210,F3041,,Aceita
I6116,A3042,,Cancelada
H6127,A3042,"3,15",Cancelada
L6071,A3042,"2,15",Negada
K6148,A3042,"2,15",Cancelada
H6031,B3043,"3,15",Inválida / Cancelada
L6107,B3043,,Aceita
I6008,C3044,"2,82",Negada
K6028,C3044,,Inválida / Cancelada
H6031,C3044,"3,15",Aceita
G6048,C3044,"2,82",Cancelada
I6116,C3044,,Cancelada
G6174,C3044,"3,48",Cancelada
L6065,C3044,,Aceita
L6071,C3044,"2,15",Negada
J6087,C3044,"2,48",Aceita
L6107,C3044,,Aceita
J6123,C3044,,Aceita
K6148,C3044,"2,15",Aceita
I6164,C3044,"2,82",Negada
K6208,C3044,"2,48",Cancelada
G6210,C3044,,Negada
I6218,C3044,,Aceita
L6023,D3045,"4,15",WaitList
L6023,D3045,"4,15",Cancelada
I6068,D3045,,Negada
H6181,D3045,,Negada
I6200,D3045,"3,82",Inválida / Cancelada
G6174,E3046,"3,48",Cancelada
H6049,E3046,,Aceita
G6090,E3046,"3,48",Aceita
L6041,F3047,"3,48",Cancelada
K6076,F3047,"3,15",Cancelada
L6101,F3047,"3,48",Cancelada
I6080,F3047,"3,48",Negada
I6080,F3047,"3,48",Negada
J6147,F3047,,Negada
G6162,F3047,,Aceita
I6176,F3047,"3,15",Negada
G6192,F3047,,Negada
H6199,F3047,,Negada
J6201,F3047,,Escolhida
J6207,F3047,"3,48",Negada
K6226,F3047,,Aceita
K6082,A3048,,Aceita
K6118,A3048,"4,15",Escolhida
I6134,A3048,"3,48",Negada
H6163,A3048,,Negada
I6200,A3048,"3,82",Negada
J6225,A3048,"4,15",Aceita
G6150,B3049,,Cancelada
L6155,B3049,"2,82",Negada
J6087,C3050,"2,48",Escolhida
L6089,C3050,"2,82",Negada
J6105,C3050,,Inválida / Cancelada
G6006,D3051,,Aceita
H6061,D3051,"2,48",Aceita
I6164,D3051,"2,82",Aceita
L6023,E3052,"4,15",Cancelada
K6004,F3053,"3,15",Aceita
I6128,F3053,,Aceita
H6235,F3053,"3,15",Escolhida
K6040,A3054,"3,15",Negada
K6052,A3054,"2,15",Negada
G6198,A3054,,Aceita
I6218,B3055,,Aceita
K6220,C3056,"3,15",Aceita
I6056,D3057,"3,82",Negada
H6187,D3057,,Negada
H6235,E3058,"3,15",Cancelada
I6128,E3058,,Aceita
J6009,F3059,,Inválida / Cancelada
H6235,A3060,"3,15",Cancelada
I6068,A3060,,Negada
I6008,B3061,"2,82",Aceita
L6017,B3061,,Escolhida
L6029,B3061,,Cancelada
L6005,B3061,,Cancelada
K6040,B3061,"3,15",Aceita
H6043,B3061,,Cancelada
K6046,B3061,"2,48",Aceita
J6057,B3061,"2,82",Aceita
J6123,B3061,,Aceita
L6173,B3061,,Cancelada
J6177,B3061,,Aceita
K6196,B3061,"2,48",Aceita
L6203,B3061,"2,15",Aceita
G6222,B3061,"2,82",Escolhida
L6227,B3061,"2,15",Aceita
J6231,B3061,"2,48",Aceita
G6240,B3061,,Aceita
K6004,C3062,"3,15",Aceita
K6028,C3062,,Aceita
J6087,C3062,"2,48",Cancelada
G6036,C3062,"3,15",Aceita
K6100,C3062,,Aceita
L6155,C3062,"2,82",Aceita
I6206,C3062,"2,91",Aceita
K6220,C3062,"3,15",Aceita
G6246,C3062,"2,82",Aceita
G6000,D3063,"4,15",Negada
L6011,D3063,,Negada
J6015,D3063,"3,48",Negada
K6022,D3063,"3,48",Negada
K6022,D3063,"3,48",Negada
L6023,D3063,"4,15",Negada
L6023,D3063,"4,15",Cancelada
G6030,D3063,"3,15",Negada
I6104,D3063,,Cancelada
G6132,D3063,,Cancelada
J6141,D3063,"3,82",Cancelada
J6183,D3063,,Cancelada
L6185,D3063,,Cancelada
H6205,D3063,,Cancelada
H6229,D3063,"4,15",Cancelada
G6042,D3063,,Negada
J6051,D3063,,Negada
K6070,D3063,"3,82",WaitList
I6080,D3063,"3,48",Negada
K6094,D3063,,Negada
L6095,D3063,,Negada
G6108,D3063,,Negada
J6111,D3063,,WaitList
K6112,D3063,"3,15",Negada
L6113,D3063,"3,82",Negada
J6141,D3063,"3,82",Negada
J6147,D3063,,Aceita
L6149,D3063,"4,15",Negada
L6185,D3063,,Negada
J6189,D3063,"4,15",Negada
H6199,D3063,,Negada
J6201,D3063,,Negada
J6207,D3063,"3,48",Negada
I6212,D3063,,WaitList
H6229,D3063,"4,15",Negada
I6230,D3063,"3,15",Negada
J6237,D3063,,Negada
H6187,D3063,,Aceita
H6001,E3064,,Aceita
H6127,E3064,"3,15",Cancelada
J6033,E3064,"3,15",Aceita
H6049,E3064,,Escolhida
G6072,E3064,"3,48",Aceita
G6078,E3064,"3,48",Aceita
G6090,E3064,"3,48",Aceita
H6103,E3064,,Aceita
H6109,E3064,,Aceita
I6110,E3064,"2,82",Aceita
H6121,E3064,"3,48",Aceita
L6143,E3064,"3,48",Aceita
H6151,E3064,"2,48",Escolhida
G6174,E3064,"3,48",Aceita
K6178,E3064,,Aceita
L6185,E3064,,Aceita
J6195,E3064,"3,48",Aceita
I6236,E3064,,Aceita
H6235,F3065,"3,15",Negada
H6133,A3066,"2,82",Aceita
L6191,B3067,,Escolhida
L6011,C3068,,Negada
K6022,C3068,"3,48",Negada
I6026,C3068,,Negada
G6030,C3068,"3,15",Negada
I6068,C3068,,Cancelada
G6132,C3068,,Cancelada
G6234,C3068,"3,48",Cancelada
L6041,C3068,"3,48",Negada
I6044,C3068,"3,82",Negada
K6058,C3068,"3,48",Negada
K6064,C3068,,Cancelada
I6080,C3068,"3,48",Negada
I6080,C3068,"3,48",Negada
L6101,C3068,"3,48",Negada
J6141,C3068,"3,82",Negada
J6147,C3068,,Negada
L6161,C3068,,Negada
G6162,C3068,,Negada
H6199,C3068,,Negada
J6201,C3068,,Negada
J6207,C3068,"3,48",Negada
J6219,C3068,,Negada
K6226,C3068,,Escolhida
L6119,D3069,"3,15",Negada
J6087,E3070,"2,48",Cancelada
L6035,F3071,"3,15",Cancelada
I6164,F3071,"2,82",Negada
L6191,F3071,,Aceita
L6227,A3072,"2,15",Cancelada
H6109,B3073,,Cancelada
J6033,B3073,"3,15",Aceita
I6050,B3073,"4,15",Inválida / Cancelada
J6075,B3073,,Aceita
I6092,B3073,"3,48",Cancelada
K6106,B3073,"2,48",Cancelada
I6134,B3073,"3,48",Aceita
L6143,B3073,"3,48",Aceita
H6151,B3073,"2,48",Aceita
G6174,B3073,"3,48",Cancelada
K6184,B3073,,Cancelada
G6216,B3073,"3,48",Cancelada
G6222,B3073,"2,82",Cancelada
K6022,C3074,"3,48",Negada
L6023,C3074,"4,15",Escolhida
L6023,C3074,"4,15",WaitList
L6101,C3074,"3,48",Cancelada
I6104,C3074,,Cancelada
I6194,C3074,,Cancelada
H6205,C3074,,Cancelada
I6056,C3074,"3,82",Negada
I6068,C3074,,Negada
I6080,C3074,"3,48",Negada
K6094,C3074,,Negada
G6102,C3074,"3,48",Negada
K6112,C3074,"3,15",Negada
J6117,C3074,"4,15",Negada
K6124,C3074,"3,48",Negada
L6125,C3074,"4,15",WaitList
I6128,C3074,,Negada
J6129,C3074,"3,48",Negada
G6132,C3074,,Negada
J6147,C3074,,Negada
J6183,C3074,,Escolhida
L6185,C3074,,Negada
J6189,C3074,"4,15",Negada
J6201,C3074,,Negada
H6211,C3074,"3,82",Negada
I6212,C3074,,Escolhida
J6219,C3074,,Negada
H6229,C3074,"4,15",Negada
G6234,C3074,"3,48",Negada
J6237,C3074,,Negada
I6056,D3075,"3,82",Negada
L6143,E3076,"3,48",Cancelada
L6245,E3076,"4,15",Negada
G6078,F3077,"3,48",Negada
K6112,F3077,"3,15",Escolhida
H6181,F3077,,Negada
H6127,A3078,"3,15",Cancelada
G6048,A3078,"2,82",Aceita
H6061,A3078,"2,48",Cancelada
G6084,A3078,"2,82",Aceita
K6100,A3078,,Negada
K6112,A3078,"3,15",Aceita
G6120,A3078,"3,15",Cancelada
I6164,A3078,"2,82",Aceita
J6171,A3078,,Aceita
L6173,A3078,,Cancelada
K6214,A3078,,Negada
H6235,A3078,"3,15",Aceita
H6241,A3078,"3,15",Aceita
I6068,B3079,,Escolhida
K6112,B3079,"3,15",Aceita
J6195,B3079,"3,48",Aceita
I6200,B3079,"3,82",Negada
J6237,B3079,,Aceita
H6181,C3080,,Negada
I6074,D3081,,Negada
H6079,D3081,,Cancelada
L6089,D3081,"2,82",Aceita
K6136,D3081,,Aceita
L6155,D3081,"2,82",Aceita
L6215,D3081,"2,48",Aceita
L6227,D3081,"2,15",Aceita
L6011,E3082,,Inválida / Cancelada
K6022,E3082,"3,48",Negada
G6030,E3082,"3,15",Cancelada
I6068,E3082,,Cancelada
I6104,E3082,,Cancelada
H6175,E3082,,Cancelada
H6229,E3082,"4,15",Cancelada
I6044,E3082,"3,82",Negada
K6070,E3082,"3,82",WaitList
I6080,E3082,"3,48",Negada
K6082,E3082,,Negada
H6085,E3082,"3,82",Negada
K6094,E3082,,Negada
G6108,E3082,,Negada
J6111,E3082,,WaitList
K6118,E3082,"4,15",Aceita
L6125,E3082,"4,15",Negada
I6128,E3082,,Negada
K6136,E3082,,Negada
J6141,E3082,"3,82",Negada
J6147,E3082,,Aceita
I6176,E3082,"3,15",Negada
L6185,E3082,,Negada
J6201,E3082,,Negada
L6203,E3082,"2,15",Negada
K6226,E3082,,Negada
H6229,E3082,"4,15",Negada
I6230,E3082,"3,15",Negada
L6203,F3083,"2,15",Cancelada
G6222,F3083,"2,82",Cancelada
G6078,F3083,"3,48",Aceita
K6112,F3083,"3,15",Aceita
H6127,F3083,"3,15",Aceita
H6133,F3083,"2,82",Aceita
K6160,F3083,"2,82",Aceita
J6171,F3083,,Aceita
J6153,A3084,"2,82",Cancelada
H6091,A3084,"2,48",Aceita
G6138,A3084,,Aceita
I6188,A3084,,Aceita
L6071,B3085,"2,15",Aceita
K6184,C3086,,Cancelada
I6014,D3087,"2,82",Aceita
K6130,D3087,"2,82",Escolhida
L6245,E3088,"4,15",Cancelada
H6109,E3088,,Cancelada
G6216,E3088,"3,48",Escolhida
J6225,E3088,"4,15",Escolhida
K6220,F3089,"3,15",Aceita
J6015,A3090,"3,48",Aceita
K6004,B3091,"3,15",Negada
K6034,B3091,"3,15",Aceita
I6122,B3091,"3,48",Aceita
G6186,B3091,"3,15",Escolhida
K6016,C3092,,Cancelada
G6048,C3092,"2,82",Escolhida
K6004,D3093,"3,15",Negada
L6011,D3093,,Aceita
L6023,D3093,"4,15",Cancelada
H6007,D3093,"3,15",Cancelada
H6025,D3093,"2,82",Cancelada
J6111,D3093,,Cancelada
J6183,D3093,,Cancelada
G6042,D3093,,Negada
I6044,D3093,"3,82",Aceita
K6052,D3093,"2,15",Negada
K6076,D3093,"3,15",Negada
J6093,D3093,"3,82",Negada
K6094,D3093,,Negada
L6095,D3093,,Aceita
L6101,D3093,"3,48",Negada
G6114,D3093,,Negada
K6118,D3093,"4,15",Aceita
I6122,D3093,"3,48",Negada
L6137,D3093,,Negada
J6147,D3093,,Negada
L6185,D3093,,Negada
G6018,E3094,"3,48",Escolhida
H6019,E3094,"2,82",Aceita
H6025,E3094,"2,82",Cancelada
G6210,E3094,,Cancelada
L6167,E3094,,Negada
L6167,E3094,,Aceita
H6175,E3094,,Negada
L6185,E3094,,WaitList
H6169,F3095,,Cancelada
I6152,A3096,"2,48",Aceita
L6155,A3096,"2,82",Aceita
G6036,B3097,"3,15",Negada
G6048,B3097,"2,82",Negada
L6119,B3097,"3,15",Negada
G6150,B3097,,Negada
I6152,B3097,"2,48",Negada
L6155,B3097,"2,82",Negada
G6048,C3098,"2,82",Inválida / Cancelada
L6005,D3099,,Cancelada
I6074,D3099,,Cancelada
J6165,D3099,"2,48",Negada
J6003,E3100,"2,82",Inválida / Cancelada
I6140,E3100,"3,15",Cancelada
H6115,E3100,"3,15",Cancelada
K6130,E3100,"2,82",Cancelada
I6140,E3100,"3,15",Aceita
K6244,E3100,,Escolhida
J6003,F3101,"2,82",Escolhida
L6005,F3101,,Cancelada
J6027,F3101,"4,29",Aceita
H6031,F3101,"3,15",Aceita
H6115,F3101,"3,15",Cancelada
I6116,F3101,,Cancelada
J6123,F3101,,Cancelada
L6071,F3101,"2,15",Negada
G6072,F3101,"3,48",Aceita
L6083,F3101,"3,15",Aceita
L6107,F3101,,Cancelada
H6109,F3101,,Deferred
K6130,F3101,"2,82",Negada
K6148,F3101,"2,15",Aceita
J6165,F3101,"2,48",Negada
G6192,F3101,,Aceita
K6208,F3101,"2,48",Aceita
G6210,F3101,,Negada
J6003,A3102,"2,82",Negada
K6016,A3102,,Negada
H6019,A3102,"2,82",Negada
I6020,A3102,"3,93",Aceita
J6027,A3102,"4,29",Aceita
G6012,A3102,,Cancelada
L6005,A3102,,Cancelada
H6043,A3102,,Cancelada
G6156,A3102,,Cancelada
H6163,A3102,,Cancelada
G6192,A3102,,Cancelada
I6206,A3102,"2,91",Cancelada
G6042,A3102,,Aceita
G6048,A3102,"2,82",Inválida / Cancelada
L6059,A3102,"2,15",Inválida / Cancelada
J6075,A3102,,Negada
L6083,A3102,"3,15",Negada
G6084,A3102,"2,82",Negada
L6089,A3102,"2,82",Negada
G6096,A3102,"3,15",Negada
H6097,A3102,"3,48",Negada
K6100,A3102,,Inválida / Cancelada
H6139,A3102,,Negada
K6154,A3102,,Inválida / Cancelada
J6159,A3102,,Aceita
L6173,A3102,,Cancelada
G6198,A3102,,Negada
L6221,A3102,"3,15",Negada
H6223,A3102,"2,82",Negada
I6224,A3102,"3,15",Negada
I6014,B3103,"2,82",Negada
K6004,C3104,"3,15",Aceita
H6013,C3104,"2,15",Aceita
H6025,C3104,"2,82",Cancelada
K6214,C3104,,Cancelada
H6175,C3104,,Cancelada
L6227,C3104,"2,15",Cancelada
L6053,C3104,"2,82",Aceita
K6076,C3104,"3,15",Escolhida
H6079,C3104,,Cancelada
J6093,C3104,"3,82",Aceita
I6098,C3104,"3,48",Negada
L6119,C3104,"3,15",Escolhida
G6126,C3104,,Aceita
I6158,C3104,,Aceita
J6177,C3104,,Aceita
G6186,C3104,"3,15",Aceita
J6219,C3104,,Inválida / Cancelada
H6187,D3105,,Cancelada
I6056,D3105,"3,82",Negada
I6068,D3105,,Negada
J6117,D3105,"4,15",Negada
J6129,D3105,"3,48",Negada
H6181,D3105,,Negada
I6200,D3105,"3,82",Negada
I6206,E3106,"2,91",Cancelada
J6063,E3106,,Escolhida
I6014,F3107,"2,82",Cancelada
G6036,A3108,"3,15",Aceita
G6012,B3109,,Aceita
J6045,B3109,,Aceita
G6054,B3109,"3,48",Aceita
J6063,B3109,,Aceita
L6107,B3109,,Aceita
K6160,B3109,"2,82",Cancelada
J6219,B3109,,Escolhida
J6231,B3109,"2,48",Aceita
G6030,C3110,"3,15",Aceita
H6007,C3110,"3,15",Cancelada
L6011,C3110,,Cancelada
G6042,C3110,,Negada
K6076,C3110,"3,15",Negada
H6079,C3110,,Cancelada
J6093,C3110,"3,82",Negada
I6098,C3110,"3,48",Escolhida
H6103,C3110,,Aceita
K6112,C3110,"3,15",Negada
G6114,C3110,,Aceita
I6158,C3110,,Negada
L6179,C3110,"4,15",Aceita
L6011,D3111,,Aceita
G6030,D3111,"3,15",Aceita
K6112,D3111,"3,15",Cancelada
G6234,D3111,"3,48",Cancelada
J6093,D3111,"3,82",Negada
I6098,D3111,"3,48",Negada
J6147,D3111,,Aceita
K6190,D3111,"2,15",Negada
K6226,D3111,,Negada
G6006,E3112,,Negada
L6017,E3112,,Negada
K6022,E3112,"3,48",Escolhida
I6026,E3112,,Negada
J6015,E3112,"3,48",Cancelada
H6025,E3112,"2,82",Cancelada
K6118,E3112,"4,15",Cancelada
H6193,E3112,"2,82",Cancelada
K6238,E3112,"3,48",Cancelada
I6050,E3112,"4,15",WaitList
K6064,E3112,,Cancelada
H6067,E3112,,Negada
I6080,E3112,"3,48",Negada
I6080,E3112,"3,48",Negada
K6082,E3112,,Negada
J6099,E3112,"3,48",Negada
J6111,E3112,,Negada
G6120,E3112,"3,15",Cancelada
L6131,E3112,,Negada
G6138,E3112,,Negada
H6139,E3112,,Negada
G6144,E3112,"3,15",Negada
K6154,E3112,,Inválida / Cancelada
G6162,E3112,,Aceita
K6166,E3112,"3,48",Negada
I6176,E3112,"3,15",Negada
K6190,E3112,"2,15",Negada
G6198,E3112,,WaitList
H6199,E3112,,Negada
K6202,E3112,,Negada
G6204,E3112,,WaitList
J6207,E3112,"3,48",Negada
L6209,E3112,,Negada
J6243,E3112,"2,82",Negada
K6148,F3113,"2,15",Cancelada
J6009,A3114,,Escolhida
H6031,B3115,"3,15",Aceita
K6208,B3115,"2,48",Cancelada
L6023,C3116,"4,15",Cancelada
I6068,C3116,,Cancelada
J6183,C3116,,Cancelada
I6056,C3116,"3,82",WaitList
I6068,C3116,,Inválida / Cancelada
G6102,C3116,"3,48",Inválida / Cancelada
J6117,C3116,"4,15",Negada
J6129,C3116,"3,48",Inválida / Cancelada
G6132,C3116,,Escolhida
H6187,C3116,,Negada
H6205,C3116,,Aceita
H6211,C3116,"3,82",WaitList
J6213,C3116,,Aceita
H6229,C3116,"4,15",Inválida / Cancelada
I6068,D3117,,Negada
J6177,D3117,,Negada
J6213,D3117,,Negada
G6000,E3118,"4,15",Negada
K6022,E3118,"3,48",Negada
L6023,E3118,"4,15",Negada
L6023,E3118,"4,15",Cancelada
G6030,E3118,"3,15",Negada
G6132,E3118,,Cancelada
J6183,E3118,,Cancelada
I6044,E3118,"3,82",Negada
J6051,E3118,,Negada
I6056,E3118,"3,82",Negada
J6069,E3118,,Negada
K6070,E3118,"3,82",Negada
H6085,E3118,"3,82",Negada
K6094,E3118,,Negada
G6102,E3118,"3,48",Escolhida
J6105,E3118,,Negada
K6124,E3118,"3,48",Negada
L6125,E3118,"4,15",Negada
J6129,E3118,"3,48",Negada
J6141,E3118,"3,82",Negada
J6147,E3118,,Escolhida
L6149,E3118,"4,15",Negada
I6158,E3118,,Negada
H6181,E3118,,Negada
J6189,E3118,"4,15",Negada
J6201,E3118,,Negada
L6203,E3118,"2,15",Negada
H6211,E3118,"3,82",Negada
I6212,E3118,,Negada
H6229,E3118,"4,15",Negada
G6234,E3118,"3,48",Negada
J6237,E3118,,Negada
G6060,F3119,"3,82",Negada
I6068,F3119,,Negada
I6080,F3119,"3,48",Negada
G6108,F3119,,Cancelada
J6141,F3119,"3,82",Negada
H6211,F3119,"3,82",Negada
H6181,A3120,,Negada
H6187,A3120,,Negada
H6031,B3121,"3,15",Escolhida
J6003,C3122,"2,82",Aceita
K6154,C3122,,Negada
K6130,D3123,"2,82",Aceita
K6184,D3123,,Cancelada
K6214,E3124,,Cancelada
H6061,E3124,"2,48",Aceita
K6172,E3124,,Aceita
J6177,E3124,,Aceita
L6203,E3124,"2,15",Aceita
L6227,E3124,"2,15",Aceita
L6233,F3125,,Inválida / Cancelada
H6127,A3126,"3,15",Aceita
I6014,B3127,"2,82",Aceita
H6055,B3127,,Cancelada
H6019,C3128,"2,82",Escolhida
G6210,C3128,,Cancelada
K6088,C3128,"2,82",Aceita
G6120,C3128,"3,15",Cancelada
I6158,C3128,,Escolhida
L6167,C3128,,Escolhida
L6191,D3129,,Cancelada
K6214,D3129,,Cancelada
L6035,D3129,"3,15",Aceita
L6041,D3129,"3,48",Escolhida
I6050,D3129,"4,15",Inválida / Cancelada
K6142,D3129,"2,48",Negada
J6231,E3130,"2,48",Aceita
G6162,F3131,,Aceita
I6008,A3132,"2,82",Negada
H6007,A3132,"3,15",Cancelada
H6037,A3132,"2,48",Cancelada
L6041,A3132,"3,48",Aceita
K6052,A3132,"2,15",Aceita
J6057,A3132,"2,82",Aceita
L6059,A3132,"2,15",Aceita
G6066,A3132,,Cancelada
L6101,A3132,"3,48",Aceita
G6156,A3132,,Negada
H6157,B3133,"3,48",Cancelada
L6245,B3133,"4,15",Escolhida
K6172,C3134,,Cancelada
G6018,D3135,"3,48",Aceita
H6091,D3135,"2,48",Aceita
G6138,D3135,,Aceita
L6167,D3135,,Aceita
K6022,E3136,"3,48",Aceita
K6058,E3136,"3,48",Cancelada
I6068,E3136,,Cancelada
G6078,E3136,"3,48",Cancelada
I6236,E3136,,Cancelada
J6039,E3136,,Aceita
G6054,E3136,"3,48",Escolhida
G6060,E3136,"3,82",Aceita
I6062,E3136,"3,48",Escolhida
L6077,E3136,"4,15",Aceita
H6085,E3136,"3,82",Aceita
G6096,E3136,"3,15",Aceita
H6097,E3136,"3,48",Aceita
I6110,E3136,"2,82",Aceita
K6130,E3136,"2,82",Aceita
G6144,E3136,"3,15",Escolhida
H6145,E3136,"2,15",Aceita
I6146,E3136,"3,48",Escolhida
H6157,E3136,"3,48",Aceita
J6159,E3136,,Aceita
G6174,E3136,"3,48",Aceita
L6197,E3136,"3,15",Escolhida
I6224,E3136,"3,15",Aceita
I6236,E3136,,Escolhida
G6240,E3136,,Aceita
H6031,F3137,"3,15",Aceita
K6208,F3137,"2,48",Cancelada
G6000,A3138,"4,15",Negada
I6104,A3138,,Cancelada
J6117,A3138,"4,15",Cancelada
I6140,A3138,"3,15",Cancelada
J6183,A3138,,Cancelada
H6205,A3138,,Cancelada
I6044,A3138,"3,82",Negada
K6058,A3138,"3,48",Negada
K6064,A3138,,Cancelada
G6114,A3138,,Negada
K6118,A3138,"4,15",Aceita
K6124,A3138,"3,48",Negada
J6141,A3138,"3,82",Negada
J6147,A3138,,Negada
I6176,A3138,"3,15",Negada
H6187,A3138,,Negada
H6211,A3138,"3,82",Negada
I6212,A3138,,Negada
H6229,A3138,"4,15",Negada
I6062,B3139,"3,48",Aceita
J6243,C3140,"2,82",Cancelada
I6242,D3141,"2,82",Cancelada
H6025,E3142,"2,82",Cancelada
I6032,E3142,,Escolhida
L6137,E3142,,Cancelada
J6153,E3142,"2,82",Cancelada
K6142,E3142,"2,48",Aceita
I6170,E3142,,Aceita
G6180,E3142,"3,48",Aceita
I6032,F3143,,Cancelada
L6155,F3143,"2,82",Cancelada
G6036,A3144,"3,15",Inválida / Cancelada
L6047,B3145,,Cancelada
I6236,C3146,,Cancelada
I6236,C3146,,Cancelada
G6228,C3146,,Aceita
I6008,D3147,"2,82",Negada
H6163,D3147,,Cancelada
H6079,D3147,,Cancelada
G6198,D3147,,Aceita
G6024,E3148,"2,82",Cancelada
I6200,E3148,"3,82",Cancelada
J6009,F3149,,Cancelada
L6119,A3150,"3,15",Inválida / Cancelada
J6063,B3151,,Aceita
L6155,C3152,"2,82",Escolhida
G6210,D3153,,Cancelada
L6029,E3154,,Aceita
I6062,E3154,"3,48",Cancelada
G6156,E3154,,Aceita
J6159,E3154,,Cancelada
K6130,F3155,"2,82",Aceita
L6203,A3156,"2,15",Cancelada
J6093,A3156,"3,82",Aceita
I6098,A3156,"3,48",Aceita
J6105,A3156,,Negada
I6116,A3156,,Escolhida
G6186,A3156,"3,15",Aceita
G6210,A3156,,Escolhida
H6217,A3156,"3,15",Aceita
K6220,A3156,"3,15",Aceita
H6025,B3157,"2,82",Cancelada
K6004,B3157,"3,15",Cancelada
H6007,B3157,"3,15",Cancelada
K6214,B3157,,Cancelada
J6177,B3157,,Aceita
L6203,B3157,"2,15",Escolhida
I6074,C3158,,Aceita
H6115,D3159,"3,15",Cancelada
L6071,D3159,"2,15",Cancelada
G6018,E3160,"3,48",Aceita
K6238,E3160,"3,48",Cancelada
H6055,F3161,,Cancelada
I6134,F3161,"3,48",Inválida / Cancelada
I6200,F3161,"3,82",Aceita
L6023,A3162,"4,15",Cancelada
G6126,B3163,,Aceita
H6037,C3164,"2,48",Aceita
K6100,C3164,,Aceita
G6036,D3165,"3,15",Aceita
L6155,D3165,"2,82",Aceita
H6169,D3165,,Aceita
G6246,D3165,"2,82",Aceita
J6015,E3166,"3,48",Negada
K6022,E3166,"3,48",Negada
K6022,E3166,"3,48",Cancelada
I6068,E3166,,Cancelada
I6104,E3166,,Cancelada
G6132,E3166,,Cancelada
I6194,E3166,,Cancelada
H6229,E3166,"4,15",Cancelada
J6051,E3166,,Negada
G6060,E3166,"3,82",Negada
I6068,E3166,,Negada
J6069,E3166,,Negada
H6085,E3166,"3,82",Negada
G6102,E3166,"3,48",Negada
J6105,E3166,,Negada
G6108,E3166,,Negada
J6111,E3166,,Negada
J6129,E3166,"3,48",Negada
J6141,E3166,"3,82",Negada
H6211,E3166,"3,82",Negada
H6229,E3166,"4,15",Negada
G6024,F3167,"2,82",Escolhida
J6069,A3168,,Cancelada
L6167,A3168,,Cancelada
H6067,A3168,,Aceita
I6086,A3168,"3,15",WaitList
G6090,A3168,"3,48",Inválida / Cancelada
G6138,A3168,,Negada
L6179,A3168,"4,15",WaitList
L6239,A3168,"3,48",Negada
H6001,B3169,,Escolhida
L6131,B3169,,Cancelada
L6167,B3169,,Cancelada
L6179,B3169,"4,15",Cancelada
L6047,B3169,,Negada
H6067,B3169,,Negada
G6090,B3169,"3,48",Inválida / Cancelada
K6142,B3169,"2,48",Negada
K6160,B3169,"2,82",Negada
L6179,B3169,"4,15",Negada
L6239,B3169,"3,48",Negada
K6106,C3170,"2,48",Cancelada
J6033,C3170,"3,15",Aceita
G6084,D3171,"2,82",Cancelada
H6001,E3172,,Aceita
G6006,E3172,,Aceita
I6008,E3172,"2,82",Escolhida
G6012,E3172,,Aceita
L6077,E3172,"4,15",Cancelada
L6113,E3172,"3,82",Cancelada
I6116,E3172,,Cancelada
G6174,E3172,"3,48",Cancelada
I6050,E3172,"4,15",Aceita
L6053,E3172,"2,82",Aceita
K6058,E3172,"3,48",Escolhida
G6060,E3172,"3,82",Escolhida
I6062,E3172,"3,48",Aceita
J6063,E3172,,Aceita
H6067,E3172,,Aceita
G6084,E3172,"2,82",Aceita
I6086,E3172,"3,15",Aceita
G6096,E3172,"3,15",Aceita
H6097,E3172,"3,48",Inválida / Cancelada
K6112,E3172,"3,15",Aceita
L6125,E3172,"4,15",Aceita
H6127,E3172,"3,15",Aceita
H6133,E3172,"2,82",Aceita
I6134,E3172,"3,48",Aceita
G6138,E3172,,Aceita
G6162,E3172,,Aceita
L6185,E3172,,Aceita
J6189,E3172,"4,15",Aceita
L6203,E3172,"2,15",Negada
L6221,E3172,"3,15",Aceita
I6224,E3172,"3,15",Aceita
J6231,E3172,"2,48",Negada
I6242,E3172,"2,82",Aceita
L6023,F3173,"4,15",Cancelada
I6056,F3173,"3,82",Negada
I6068,F3173,,Negada
G6102,F3173,"3,48",Negada
K6112,F3173,"3,15",Negada
G6132,F3173,,Negada
H6187,F3173,,Negada
I6212,F3173,,Negada
J6237,F3173,,Negada
L6023,A3174,"4,15",Cancelada
L6041,A3174,"3,48",Negada
I6236,B3175,,Cancelada
I6236,B3175,,Cancelada
J6081,C3176,,Aceita
I6014,D3177,"2,82",Aceita
J6081,D3177,,Escolhida
K6130,D3177,"2,82",Aceita
I6140,D3177,"3,15",Aceita
K6184,D3177,,Aceita
K6142,E3178,"2,48",Inválida / Cancelada
I6062,F3179,"3,48",Aceita
I6038,A3180,"3,15",Aceita
L6191,B3181,,Aceita
K6028,C3182,,Escolhida
G6000,D3183,"4,15",Aceita
L6011,D3183,,Inválida / Cancelada
G6030,D3183,"3,15",Negada
K6004,D3183,"3,15",Cancelada
I6116,D3183,,Cancelada
G6144,D3183,"3,15",Cancelada
J6147,D3183,,Cancelada
L6161,D3183,,Cancelada
H6175,D3183,,Cancelada
K6034,D3183,"3,15",Negada
J6051,D3183,,Negada
L6053,D3183,"2,82",Negada
H6061,D3183,"2,48",Negada
J6063,D3183,,Negada
G6066,D3183,,Cancelada
I6074,D3183,,Negada
K6076,D3183,"3,15",Negada
J6087,D3183,"2,48",Negada
L6089,D3183,"2,82",Negada
J6093,D3183,"3,82",Escolhida
L6095,D3183,,Aceita
J6105,D3183,,Negada
J6111,D3183,,Aceita
L6119,D3183,"3,15",Negada
G6120,D3183,"3,15",Escolhida
I6122,D3183,"3,48",Aceita
I6152,D3183,"2,48",Negada
I6158,D3183,,Negada
H6169,D3183,,Negada
I6182,D3183,"3,24",Negada
G6186,D3183,"3,15",Negada
K6190,D3183,"2,15",Negada
H6199,D3183,,Inválida / Cancelada
J6201,D3183,,Negada
J6207,D3183,"3,48",Negada
J6213,D3183,,Inválida / Cancelada
K6220,D3183,"3,15",Negada
K6226,D3183,,Negada
H6241,D3183,"3,15",Negada
H6091,E3184,"2,48",Aceita
I6014,F3185,"2,82",Negada
H6109,F3185,,Aceita
L6233,F3185,,Inválida / Cancelada
G6024,A3186,"2,82",Cancelada
H6019,B3187,"2,82",Aceita
I6026,B3187,,Aceita
I6020,B3187,"3,93",Cancelada
J6099,B3187,"3,48",Cancelada
L6107,B3187,,Cancelada
K6040,B3187,"3,15",Aceita
K6046,B3187,"2,48",Negada
G6048,B3187,"2,82",Aceita
J6057,B3187,"2,82",Escolhida
K6064,B3187,,Cancelada
H6067,B3187,,Aceita
H6073,B3187,"2,82",Aceita
K6082,B3187,,Aceita
H6121,B3187,"3,48",Inválida / Cancelada
L6131,B3187,,Aceita
H6139,B3187,,Aceita
G6144,B3187,"3,15",Aceita
K6154,B3187,,Negada
G6162,B3187,,Aceita
I6164,B3187,"2,82",Negada
L6173,B3187,,Cancelada
I6176,B3187,"3,15",Escolhida
G6192,B3187,,Aceita
G6198,B3187,,Aceita
K6202,B3187,,Aceita
G6204,B3187,,Inválida / Cancelada
L6209,B3187,,Aceita
K6238,B3187,"3,48",Aceita
G6240,B3187,,Aceita
J6243,B3187,"2,82",Aceita
I6062,C3188,"3,48",Cancelada
I6008,D3189,"2,82",Negada
I6020,D3189,"3,93",Negada
K6076,D3189,"3,15",Cancelada
G6198,D3189,,Cancelada
K6034,D3189,"3,15",Aceita
G6066,D3189,,Cancelada
H6079,D3189,,Cancelada
L6137,D3189,,Inválida / Cancelada
H6169,D3189,,Negada
G6198,D3189,,Negada
L6215,D3189,"2,48",Negada
K6226,D3189,,Aceita
G6234,D3189,"3,48",Aceita
K6244,E3190,,Aceita
G6000,F3191,"4,15",Negada
L6011,F3191,,Negada
K6022,F3191,"3,48",Negada
L6023,F3191,"4,15",Cancelada
L6023,F3191,"4,15",Negada
I6026,F3191,,Negada
H6007,F3191,"3,15",Cancelada
L6101,F3191,"3,48",Cancelada
I6104,F3191,,Cancelada
I6140,F3191,"3,15",Cancelada
J6183,F3191,,Cancelada
H6187,F3191,,Cancelada
G6198,F3191,,Cancelada
I6044,F3191,"3,82",Negada
K6064,F3191,,Escolhida
I6080,F3191,"3,48",Negada
H6085,F3191,"3,82",Inválida / Cancelada
K6094,F3191,,Negada
L6095,F3191,,Negada
G6108,F3191,,Negada
G6114,F3191,,Negada
L6125,F3191,"4,15",Negada
K6136,F3191,,Negada
J6141,F3191,"3,82",Negada
I6146,F3191,"3,48",Negada
J6147,F3191,,Inválida / Cancelada
G6162,F3191,,Negada
K6166,F3191,"3,48",Negada
L6185,F3191,,Negada
J6201,F3191,,Negada
J6207,F3191,"3,48",Negada
L6209,F3191,,Negada
L6155,A3192,"2,82",Aceita
K6172,A3192,,Aceita
I6038,B3193,"3,15",Escolhida
L6071,C3194,"2,15",Aceita
K6016,D3195,,Negada
G6048,D3195,"2,82",Aceita
I6074,E3196,,Cancelada
L6023,F3197,"4,15",Cancelada
G6012,A3198,,Inválida / Cancelada
I6026,A3198,,Aceita
L6059,A3198,"2,15",Inválida / Cancelada
K6082,A3198,,Escolhida
K6118,A3198,"4,15",Aceita
L6131,A3198,,Aceita
I6170,A3198,,Aceita
L6227,A3198,"2,15",Negada
J6231,B3199,"2,48",Aceita
I6062,C3200,"3,48",Cancelada
J6231,C3200,"2,48",Cancelada
I6242,C3200,"2,82",Cancelada
L6071,D3201,"2,15",Aceita
J6003,E3202,"2,82",Inválida / Cancelada
L6029,E3202,,Aceita
L6041,E3202,"3,48",Cancelada
I6062,E3202,"3,48",Aceita
K6208,E3202,"2,48",Aceita
J6231,E3202,"2,48",Cancelada
G6036,F3203,"3,15",Aceita
I6152,F3203,"2,48",Aceita
L6155,F3203,"2,82",Aceita
K6004,A3204,"3,15",Aceita
H6061,A3204,"2,48",Escolhida
K6100,A3204,,Aceita
L6119,A3204,"3,15",Escolhida
I6164,A3204,"2,82",Aceita
K6178,A3204,,Aceita
G6186,A3204,"3,15",Aceita
K6214,A3204,,Aceita
G6036,B3205,"3,15",Negada
I6152,B3205,"2,48",Negada
L6155,B3205,"2,82",Negada
L6191,B3205,,Aceita
G6246,B3205,"2,82",Aceita
G6006,C3206,,Escolhida
G6012,C3206,,Aceita
I6026,C3206,,Aceita
H6007,C3206,"3,15",Cancelada
K6040,C3206,"3,15",Cancelada
K6034,C3206,"3,15",Aceita
K6082,C3206,,Aceita
J6105,C3206,,Aceita
J6123,C3206,,Aceita
L6131,C3206,,Aceita
H6139,C3206,,Aceita
G6144,C3206,"3,15",Aceita
G6156,C3206,,Aceita
K6166,C3206,"3,48",Aceita
H6175,C3206,,Aceita
I6176,C3206,"3,15",Escolhida
G6204,C3206,,Aceita
K6220,C3206,"3,15",Escolhida
J6243,C3206,"2,82",Aceita
J6009,D3207,,Cancelada
L6113,D3207,"3,82",Cancelada
I6116,D3207,,Cancelada
I6122,D3207,"3,48",Cancelada
I6170,D3207,,Cancelada
G6186,D3207,"3,15",Aceita
I6230,D3207,"3,15",Aceita
J6009,E3208,,Inválida / Cancelada
I6068,F3209,,Negada
G6168,F3209,"3,82",Negada
H6181,F3209,,Negada
I6152,A3210,"2,48",Cancelada
L6155,A3210,"2,82",Aceita
L6191,A3210,,Aceita
G6246,A3210,"2,82",WaitList
J6015,B3211,"3,48",Negada
K6022,B3211,"3,48",Cancelada
I6068,B3211,,Cancelada
I6080,B3211,"3,48",Cancelada
G6132,B3211,,Cancelada
G6234,B3211,"3,48",Cancelada
I6044,B3211,"3,82",Negada
J6051,B3211,,Negada
I6068,B3211,,Negada
J6141,B3211,"3,82",Negada
J6147,B3211,,Negada
J6189,B3211,"4,15",Negada
H6199,B3211,,Negada
H6181,C3212,,Negada
K6028,D3213,,Inválida / Cancelada
L6089,D3213,"2,82",Cancelada
H6001,E3214,,Aceita
G6006,E3214,,Inválida / Cancelada
H6013,E3214,"2,15",Negada
J6015,E3214,"3,48",Escolhida
H6019,E3214,"2,82",Aceita
I6026,E3214,,Escolhida
K6010,E3214,"2,82",Cancelada
H6097,E3214,"3,48",Cancelada
L6101,E3214,"3,48",Cancelada
I6116,E3214,,Cancelada
K6040,E3214,"3,15",Escolhida
L6041,E3214,"3,48",Aceita
I6050,E3214,"4,15",Aceita
K6064,E3214,,Cancelada
H6067,E3214,,Aceita
K6082,E3214,,Negada
H6085,E3214,"3,82",Negada
J6099,E3214,"3,48",Aceita
L6131,E3214,,Escolhida
G6138,E3214,,Negada
G6144,E3214,"3,15",Negada
G6162,E3214,,Aceita
H6175,E3214,,Aceita
I6182,E3214,"3,24",Cancelada
G6198,E3214,,Negada
H6199,E3214,,Aceita
K6202,E3214,,Aceita
G6204,E3214,,Escolhida
J6207,E3214,"3,48",Aceita
L6209,E3214,,Escolhida
K6238,E3214,"3,48",Negada
J6243,E3214,"2,82",Aceita
J6153,F3215,"2,82",Cancelada
I6164,F3215,"2,82",Escolhida
I6170,F3215,,Aceita
I6152,A3216,"2,48",Cancelada
H6169,A3216,,Cancelada
G6246,A3216,"2,82",Cancelada
K6094,B3217,4,Aceita
I6044,C3218,"3,82",Negada
I6080,C3218,"3,48",Escolhida
G6114,C3218,,Negada
J6129,C3218,"3,48",Negada
J6141,C3218,"3,82",Negada
J6147,C3218,,Aceita
I6176,C3218,"3,15",Negada
J6063,D3219,,Aceita
J6105,D3219,,Negada
G6144,D3219,"3,15",WaitList
H6169,D3219,,Negada
I6020,E3220,"3,93",Inválida / Cancelada
H6115,E3220,"3,15",Escolhida
J6219,E3220,,Aceita
K6232,E3220,,Aceita
K6220,F3221,"3,15",Aceita
K6100,A3222,,Negada
H6091,B3223,"2,48",Aceita
K6172,B3223,,Escolhida
G6012,C3224,,Aceita
H6007,C3224,"3,15",Cancelada
K6034,C3224,"3,15",Cancelada
K6058,C3224,"3,48",Aceita
H6061,C3224,"2,48",Negada
I6086,C3224,"3,15",Aceita
K6088,C3224,"2,82",Aceita
G6120,C3224,"3,15",Cancelada
H6127,C3224,"3,15",Aceita
G6144,C3224,"3,15",Aceita
L6173,C3224,,Escolhida
K6196,C3224,"2,48",Aceita
G6240,C3224,,Escolhida
H6001,D3225,,Aceita
I6218,D3225,,Cancelada
G6036,D3225,"3,15",Inválida / Cancelada
L6065,D3225,,Negada
K6178,D3225,,WaitList
K6202,D3225,,Aceita
K6028,E3226,,Cancelada
J6003,F3227,"2,82",Inválida / Cancelada
H6157,F3227,"3,48",Cancelada
J6039,F3227,,Aceita
H6097,F3227,"3,48",Aceita
J6117,F3227,"4,15",Aceita
L6149,F3227,"4,15",Aceita
G6168,F3227,"3,82",Aceita
J6189,F3227,"4,15",Aceita
I6200,F3227,"3,82",Aceita
L6203,F3227,"2,15",Aceita
J6225,F3227,"4,15",Aceita
I6008,A3228,"2,82",Aceita
I6020,A3228,"3,93",Aceita
J6003,A3228,"2,82",Cancelada
L6005,A3228,,Cancelada
L6005,A3228,,Cancelada
K6040,A3228,"3,15",Cancelada
J6051,A3228,,Cancelada
J6105,A3228,,Cancelada
I6206,A3228,"2,91",Cancelada
L6227,A3228,"2,15",Cancelada
K6052,A3228,"2,15",Negada
L6071,A3228,"2,15",Escolhida
L6077,A3228,"4,15",Aceita
L6107,A3228,,Aceita
L6119,A3228,"3,15",Aceita
K6148,A3228,"2,15",Escolhida
J6177,A3228,,Aceita
K6190,A3228,"2,15",Aceita
K6196,A3228,"2,48",Aceita
K6208,A3228,"2,48",Cancelada
G6210,A3228,,Aceita
H6169,B3229,,Cancelada
K6028,C3230,,Cancelada
J6051,C3230,,Cancelada
L6089,C3230,"2,82",Cancelada
I6116,C3230,,Cancelada
G6036,C3230,"3,15",Inválida / Cancelada
K6148,C3230,"2,15",Aceita
I6164,C3230,"2,82",Negada
I6218,C3230,,Aceita
K6220,C3230,"3,15",Aceita
K6046,D3231,"2,48",Cancelada
J6099,D3231,"3,48",Cancelada
J6105,D3231,,Cancelada
L6047,D3231,,Negada
L6107,D3231,,Escolhida
J6123,D3231,,Aceita
H6127,D3231,"3,15",Cancelada
L6071,E3232,"2,15",Aceita
G6036,F3233,"3,15",Escolhida
J6063,F3233,,Aceita
L6089,F3233,"2,82",Aceita
L6155,F3233,"2,82",Aceita
H6169,F3233,,Escolhida
G6246,F3233,"2,82",Aceita
I6014,A3234,"2,82",Inválida / Cancelada
L6155,B3235,"2,82",Aceita
G6246,B3235,"2,82",Escolhida
J6087,C3236,"2,48",Cancelada
H6169,C3236,,Negada
K6178,C3236,,Escolhida
G6186,D3237,"3,15",Aceita
J6063,E3238,,Negada
K6016,F3239,,Cancelada
G6048,F3239,"2,82",Negada
J6063,F3239,,Negada
I6122,A3240,"3,48",Cancelada
L6245,A3240,"4,15",Cancelada
J6033,A3240,"3,15",Cancelada
L6047,A3240,,Negada
H6049,A3240,,Aceita
G6090,A3240,"3,48",Inválida / Cancelada
H6109,A3240,,Cancelada
H6151,A3240,"2,48",Cancelada
G6174,A3240,"3,48",Aceita
G6228,A3240,,Escolhida
L6023,B3241,"4,15",Negada
I6068,B3241,,Cancelada
H6187,B3241,,Cancelada
I6056,B3241,"3,82",Negada
I6068,B3241,,Negada
H6211,B3241,"3,82",Negada
I6014,C3242,"2,82",Aceita
L6191,D3243,,Aceita
K6082,E3244,,Aceita
G6000,F3245,"4,15",Negada
J6015,F3245,"3,48",Negada
K6022,F3245,"3,48",Negada
L6023,F3245,"4,15",Cancelada
L6023,F3245,"4,15",Negada
K6022,F3245,"3,48",Cancelada
K6082,F3245,,Cancelada
I6104,F3245,,Cancelada
K6112,F3245,"3,15",Cancelada
J6129,F3245,"3,48",Cancelada
J6183,F3245,,Cancelada
H6187,F3245,,Cancelada
H6229,F3245,"4,15",Cancelada
L6041,F3245,"3,48",Negada
J6051,F3245,,Negada
I6056,F3245,"3,82",Negada
K6064,F3245,,Cancelada
K6070,F3245,"3,82",Negada
I6080,F3245,"3,48",Negada
I6080,F3245,"3,48",Negada
H6085,F3245,"3,82",Negada
K6094,F3245,,Negada
L6095,F3245,,Negada
G6102,F3245,"3,48",Negada
J6105,F3245,,Negada
G6108,F3245,,Negada
J6111,F3245,,Negada
I6122,F3245,"3,48",Negada
K6124,F3245,"3,48",Negada
L6125,F3245,"4,15",Negada
G6132,F3245,,Negada
J6141,F3245,"3,82",Negada
I6146,F3245,"3,48",Negada
J6147,F3245,,Negada
G6162,F3245,,Escolhida
K6166,F3245,"3,48",Negada
I6176,F3245,"3,15",Negada
J6189,F3245,"4,15",Negada
G6192,F3245,,Negada
H6199,F3245,,Negada
H6211,F3245,"3,82",Negada
H6229,F3245,"4,15",Negada
J6237,F3245,,Negada
L6005,A3246,,Cancelada
L6017,A3246,,Aceita
J6231,A3246,"2,48",Cancelada
J6123,A3246,,Aceita
L6173,A3246,,Cancelada
K6214,B3247,,Negada
G6174,C3248,"3,48",Negada
G6048,D3249,"2,82",Cancelada
G6078,D3249,"3,48",Aceita
L6023,E3250,"4,15",Negada
L6023,E3250,"4,15",Cancelada
H6229,E3250,"4,15",Cancelada
I6068,E3250,,Negada
G6102,E3250,"3,48",Negada
K6112,E3250,"3,15",Negada
G6132,E3250,,Negada
H6187,E3250,,Negada
I6212,E3250,,Negada
H6229,E3250,"4,15",Negada
J6237,E3250,,Negada
K6142,F3251,"2,48",Aceita
K6034,A3252,"3,15",Aceita
I6074,A3252,,Escolhida
K6076,A3252,"3,15",Aceita
H6079,A3252,,Cancelada
L6089,A3252,"2,82",Aceita
L6119,A3252,"3,15",Aceita
G6126,A3252,,Escolhida
I6128,A3252,,Aceita
K6220,A3252,"3,15",Negada
G6012,B3253,,Aceita
K6016,B3253,,Aceita
L6077,B3253,"4,15",Cancelada
H6163,B3253,,Cancelada
G6174,B3253,"3,48",Cancelada
H6193,B3253,"2,82",Cancelada
L6215,B3253,"2,48",Cancelada
L6029,B3253,,Cancelada
L6035,B3253,"3,15",Escolhida
J6039,B3253,,Aceita
H6043,B3253,,Aceita
J6045,B3253,,Aceita
G6048,B3253,"2,82",Aceita
G6054,B3253,"3,48",Aceita
J6057,B3253,"2,82",Aceita
G6084,B3253,"2,82",Aceita
J6087,B3253,"2,48",Aceita
K6112,B3253,"3,15",Aceita
G6120,B3253,"3,15",Cancelada
G6126,B3253,,Aceita
H6127,B3253,"3,15",Aceita
K6142,B3253,"2,48",Negada
J6159,B3253,,Aceita
I6164,B3253,"2,82",Escolhida
J6165,B3253,"2,48",Cancelada
I6170,B3253,,Aceita
L6173,B3253,,Cancelada
L6203,B3253,"2,15",Aceita
G6210,B3253,,Aceita
K6214,B3253,,Negada
L6215,B3253,"2,48",Aceita
L6227,B3253,"2,15",Aceita
G6240,B3253,,Aceita
L6059,C3254,"2,15",Aceita
I6026,D3255,,Aceita
J6075,D3255,,Negada
L6113,D3255,"3,82",Aceita
L6131,D3255,,Aceita
H6175,D3255,,Negada
G6198,D3255,,Aceita
L6209,D3255,,Aceita
H6223,D3255,"2,82",Inválida / Cancelada
L6131,E3256,,Cancelada
G6216,F3257,"3,48",Cancelada
I6014,A3258,"2,82",Aceita
K6046,A3258,"2,48",Cancelada
I6182,A3258,"3,24",Cancelada
I6236,A3258,,Cancelada
I6236,A3258,,Cancelada
J6039,A3258,,Aceita
H6043,A3258,,Aceita
L6077,A3258,"4,15",Aceita
G6078,A3258,"3,48",Aceita
K6082,A3258,,Aceita
L6083,A3258,"3,15",Aceita
G6084,A3258,"2,82",Aceita
I6092,A3258,"3,48",Aceita
J6117,A3258,"4,15",Aceita
K6130,A3258,"2,82",Aceita
J6135,A3258,"3,48",Aceita
L6143,A3258,"3,48",Aceita
G6168,A3258,"3,82",Aceita
L6221,A3258,"3,15",Aceita
I6242,A3258,"2,82",Aceita
H6037,B3259,"2,48",Negada
K6100,B3259,,Negada
K6004,C3260,"3,15",Aceita
K6034,C3260,"3,15",Aceita
G6150,C3260,,Aceita
K6220,D3261,"3,15",Aceita
I6236,E3262,,Cancelada
H6049,E3262,,Aceita
H6109,E3262,,Aceita
I6236,E3262,,Aceita
G6018,F3263,"3,48",Negada
G6078,F3263,"3,48",Aceita
K6106,F3263,"2,48",Aceita
L6185,F3263,,Escolhida
K6178,A3264,,Aceita
G6000,B3265,"4,15",Negada
L6011,B3265,,Negada
L6023,B3265,"4,15",Negada
L6023,B3265,"4,15",Cancelada
G6030,B3265,"3,15",Aceita
I6104,B3265,,Cancelada
J6183,B3265,,Cancelada
H6205,B3265,,Cancelada
G6042,B3265,,Negada
K6058,B3265,"3,48",Negada
K6094,B3265,,Negada
G6102,B3265,"3,48",Negada
H6103,B3265,,Negada
G6108,B3265,,Negada
K6112,B3265,"3,15",Negada
J6117,B3265,"4,15",Negada
K6124,B3265,"3,48",Negada
L6125,B3265,"4,15",Negada
I6128,B3265,,Negada
I6140,B3265,"3,15",Negada
L6149,B3265,"4,15",Negada
G6168,B3265,"3,82",Negada
H6187,B3265,,Negada
J6189,B3265,"4,15",Negada
H6211,B3265,"3,82",Negada
I6212,B3265,,Negada
G6234,B3265,"3,48",Escolhida
J6237,B3265,,Negada
L6113,C3266,"3,82",Cancelada
L6035,C3266,"3,15",Negada
K6136,C3266,,Negada
G6234,C3266,"3,48",Negada
I6014,D3267,"2,82",Cancelada
L6029,D3267,,Cancelada
I6122,E3268,"3,48",Cancelada
J6153,E3268,"2,82",Cancelada
K6088,F3269,"2,82",Aceita
G6144,F3269,"3,15",Aceita
H6157,F3269,"3,48",Aceita
K6160,F3269,"2,82",Escolhida
I6224,F3269,"3,15",Aceita
G6024,A3270,"2,82",Aceita
G6006,B3271,,Inválida / Cancelada
I6032,B3271,,Aceita
I6170,B3271,,Cancelada
I6188,C3272,,Cancelada
J6039,D3273,,Aceita
J6135,D3273,"3,48",Cancelada
I6140,D3273,"3,15",Aceita
I6236,D3273,,Cancelada
I6242,D3273,"2,82",Cancelada
J6003,E3274,"2,82",Inválida / Cancelada
K6148,E3274,"2,15",Cancelada
H6145,F3275,"2,15",Cancelada
H6001,A3276,,Cancelada
K6016,A3276,,Aceita
G6018,A3276,"3,48",Aceita
L6149,A3276,"4,15",Cancelada
J6153,A3276,"2,82",Cancelada
I6050,A3276,"4,15",Negada
H6067,A3276,,Cancelada
J6069,A3276,,Inválida / Cancelada
J6075,A3276,,Negada
I6086,A3276,"3,15",Cancelada
L6143,A3276,"3,48",Negada
H6163,A3276,,Cancelada
L6179,A3276,"4,15",Negada
K6196,A3276,"2,48",Negada
G6222,A3276,"2,82",Cancelada
L6239,A3276,"3,48",Negada
G6018,B3277,"3,48",Aceita
H6025,B3277,"2,82",Cancelada
G6210,B3277,,Cancelada
J6099,B3277,"3,48",Escolhida
G6180,B3277,"3,48",Escolhida
H6019,C3278,"2,82",Aceita
H6103,C3278,,Cancelada
K6106,C3278,"2,48",Cancelada
L6167,C3278,,Escolhida
L6167,C3278,,Cancelada
I6170,C3278,,Aceita
J6171,C3278,,Cancelada
H6175,C3278,,Escolhida
I6182,C3278,"3,24",Escolhida
J6195,C3278,"3,48",Aceita
H6073,D3279,"2,82",Cancelada
L6227,D3279,"2,15",Cancelada
J6123,D3279,,Aceita
L6131,D3279,,Aceita
K6148,D3279,"2,15",Cancelada
J6015,E3280,"3,48",Negada
J6153,E3280,"2,82",Cancelada
H6091,E3280,"2,48",Aceita
J6153,F3281,"2,82",Cancelada
G6138,F3281,,Aceita
H6109,A3282,,Cancelada
L6155,A3282,"2,82",Aceita
K6172,A3282,,Aceita
I6032,B3283,,Aceita
J6153,B3283,"2,82",Cancelada
H6091,B3283,"2,48",Escolhida
I6170,B3283,,Aceita
G6060,C3284,"3,82",Aceita
H6001,D3285,,Aceita
J6015,D3285,"3,48",Aceita
K6016,D3285,,Aceita
G6018,D3285,"3,48",Cancelada
K6022,D3285,"3,48",Aceita
K6010,D3285,"2,82",Cancelada
G6072,D3285,"3,48",Cancelada
J6087,D3285,"2,48",Cancelada
J6153,D3285,"2,82",Cancelada
J6165,D3285,"2,48",Cancelada
H6175,D3285,,Cancelada
J6189,D3285,"4,15",Cancelada
J6213,D3285,,Cancelada
L6227,D3285,"2,15",Cancelada
J6033,D3285,"3,15",Escolhida
G6042,D3285,,Escolhida
L6047,D3285,,Aceita
H6049,D3285,,Aceita
I6050,D3285,"4,15",Escolhida
K6052,D3285,"2,15",Escolhida
K6064,D3285,,Cancelada
L6065,D3285,,Negada
H6067,D3285,,Escolhida
J6069,D3285,,Inválida / Cancelada
K6070,D3285,"3,82",Aceita
J6075,D3285,,Escolhida
I6086,D3285,"3,15",Escolhida
G6090,D3285,"3,48",Escolhida
J6093,D3285,"3,82",Aceita
I6098,D3285,"3,48",Aceita
K6112,D3285,"3,15",Aceita
L6113,D3285,"3,82",Aceita
H6121,D3285,"3,48",Escolhida
I6122,D3285,"3,48",Negada
L6125,D3285,"4,15",Aceita
I6128,D3285,,Negada
L6131,D3285,,Escolhida
H6133,D3285,"2,82",Escolhida
I6134,D3285,"3,48",Escolhida
L6137,D3285,,Inválida / Cancelada
G6138,D3285,,Inválida / Cancelada
K6142,D3285,"2,48",Negada
L6149,D3285,"4,15",Aceita
H6151,D3285,"2,48",Negada
K6160,D3285,"2,82",Escolhida
K6166,D3285,"3,48",WaitList
L6167,D3285,,Aceita
G6168,D3285,"3,82",Aceita
K6178,D3285,,Aceita
L6179,D3285,"4,15",Aceita
G6180,D3285,"3,48",Negada
I6182,D3285,"3,24",Negada
K6196,D3285,"2,48",Escolhida
K6202,D3285,,Aceita
G6204,D3285,,Negada
L6215,D3285,"2,48",Aceita
I6218,D3285,,Aceita
G6228,D3285,,Cancelada
L6239,D3285,"3,48",Aceita
H6001,E3286,,Aceita
G6012,E3286,,Escolhida
J6015,E3286,"3,48",Aceita
K6016,E3286,,Aceita
G6078,E3286,"3,48",Cancelada
I6092,E3286,"3,48",Cancelada
K6106,E3286,"2,48",Cancelada
H6109,E3286,,Cancelada
J6033,E3286,"3,15",Aceita
J6039,E3286,,Aceita
L6047,E3286,,Aceita
H6049,E3286,,Aceita
I6050,E3286,"4,15",Aceita
L6065,E3286,,Negada
H6067,E3286,,Aceita
G6072,E3286,"3,48",Aceita
J6075,E3286,,Aceita
I6086,E3286,"3,15",Aceita
H6103,E3286,,Escolhida
H6109,E3286,,Escolhida
I6110,E3286,"2,82",Cancelada
J6117,E3286,"4,15",Escolhida
H6121,E3286,"3,48",Aceita
I6134,E3286,"3,48",Aceita
J6135,E3286,"3,48",Aceita
I6140,E3286,"3,15",Aceita
K6142,E3286,"2,48",Negada
L6143,E3286,"3,48",Aceita
I6146,E3286,"3,48",Escolhida
L6149,E3286,"4,15",Aceita
H6151,E3286,"2,48",Aceita
K6160,E3286,"2,82",Aceita
J6165,E3286,"2,48",Aceita
G6168,E3286,"3,82",Aceita
G6174,E3286,"3,48",Escolhida
L6179,E3286,"4,15",Aceita
I6182,E3286,"3,24",Aceita
K6184,E3286,,Aceita
J6195,E3286,"3,48",Aceita
K6196,E3286,"2,48",Aceita
L6197,E3286,"3,15",Aceita
G6216,E3286,"3,48",Aceita
J6225,E3286,"4,15",Aceita
G6228,E3286,,Cancelada
L6245,E3286,"4,15",Aceita
G6000,F3287,"4,15",Negada
L6011,F3287,,Negada
G6030,F3287,"3,15",Negada
K6004,F3287,"3,15",Cancelada
K6064,F3287,,Cancelada
L6101,F3287,"3,48",Cancelada
H6175,F3287,,Cancelada
L6215,F3287,"2,48",Cancelada
L6227,F3287,"2,15",Cancelada
L6035,F3287,"3,15",Negada
L6041,F3287,"3,48",Negada
I6044,F3287,"3,82",Negada
J6051,F3287,,Negada
L6053,F3287,"2,82",Negada
K6070,F3287,"3,82",Aceita
H6073,F3287,"2,82",Negada
I6080,F3287,"3,48",Negada
I6080,F3287,"3,48",Negada
K6082,F3287,,Negada
L6089,F3287,"2,82",Negada
L6095,F3287,,Negada
I6098,F3287,"3,48",Negada
J6099,F3287,"3,48",Negada
J6105,F3287,,Negada
J6111,F3287,,Negada
I6116,F3287,,Negada
I6122,F3287,"3,48",Negada
L6137,F3287,,Negada
H6139,F3287,,Negada
J6147,F3287,,Aceita
I6152,F3287,"2,48",Negada
I6158,F3287,,Negada
G6162,F3287,,Negada
K6166,F3287,"3,48",Negada
I6176,F3287,"3,15",Negada
I6182,F3287,"3,24",Negada
K6190,F3287,"2,15",Negada
G6192,F3287,,Negada
H6199,F3287,,Negada
J6201,F3287,,Negada
G6204,F3287,,Negada
J6207,F3287,"3,48",Negada
L6209,F3287,,Negada
J6213,F3287,,Negada
K6220,F3287,"3,15",Negada
K6226,F3287,,Aceita
K6238,F3287,"3,48",Negada
G6000,A3288,"4,15",Aceita
K6064,A3288,,Cancelada
I6122,A3288,"3,48",Cancelada
L6041,A3288,"3,48",Negada
H6073,A3288,"2,82",Aceita
K6082,A3288,,Negada
J6099,A3288,"3,48",Aceita
J6105,A3288,,Negada
J6111,A3288,,Aceita
I6116,A3288,,Negada
G6162,A3288,,Aceita
G6180,A3288,"3,48",Aceita
L6209,A3288,,Aceita
J6213,A3288,,Aceita
H6217,A3288,"3,15",Escolhida
H6175,B3289,,Cancelada
L6041,B3289,"3,48",Negada
K6052,B3289,"2,15",Negada
L6053,B3289,"2,82",Negada
L6089,B3289,"2,82",Negada
J6105,B3289,,Negada
J6111,B3289,,Negada
I6116,B3289,,Negada
I6122,B3289,"3,48",Aceita
G6162,B3289,,Negada
I6176,B3289,"3,15",Negada
K6190,B3289,"2,15",Negada
G6192,B3289,,Aceita
J6213,B3289,,Negada
H6217,B3289,"3,15",Negada
G6000,C3290,"4,15",Escolhida
K6004,C3290,"3,15",Negada
L6011,C3290,,Aceita
H6013,C3290,"2,15",Negada
G6030,C3290,"3,15",Negada
I6074,C3290,,Cancelada
L6101,C3290,"3,48",Cancelada
H6175,C3290,,Cancelada
L6215,C3290,"2,48",Cancelada
K6034,C3290,"3,15",Escolhida
L6035,C3290,"3,15",Negada
L6041,C3290,"3,48",Negada
I6044,C3290,"3,82",Escolhida
J6051,C3290,,Negada
L6053,C3290,"2,82",Negada
K6070,C3290,"3,82",Aceita
I6080,C3290,"3,48",Negada
K6082,C3290,,Negada
J6087,C3290,"2,48",Negada
L6089,C3290,"2,82",Negada
I6098,C3290,"3,48",Negada
J6105,C3290,,Negada
J6111,C3290,,Escolhida
G6114,C3290,,Negada
I6116,C3290,,Negada
L6119,C3290,"3,15",Negada
I6122,C3290,"3,48",Negada
L6137,C3290,,Negada
H6139,C3290,,Negada
J6147,C3290,,Aceita
I6152,C3290,"2,48",Negada
I6158,C3290,,Negada
G6162,C3290,,Negada
K6166,C3290,"3,48",Negada
I6176,C3290,"3,15",Negada
I6182,C3290,"3,24",Negada
K6190,C3290,"2,15",Negada
G6192,C3290,,Negada
H6199,C3290,,Negada
G6204,C3290,,Negada
J6213,C3290,,Aceita
K6220,C3290,"3,15",Negada
K6226,C3290,,Negada
I6230,C3290,"3,15",Negada
H6241,C3290,"3,15",Negada
I6116,D3291,,Negada
G6162,E3292,,Aceita
G6180,E3292,"3,48",Negada
J6213,E3292,,Aceita
K6004,F3293,"3,15",Negada
L6011,F3293,,Aceita
H6013,F3293,"2,15",Negada
G6030,F3293,"3,15",Aceita
H6007,F3293,"3,15",Cancelada
K6064,F3293,,Cancelada
I6122,F3293,"3,48",Cancelada
J6147,F3293,,Cancelada
K6166,F3293,"3,48",Cancelada
H6175,F3293,,Cancelada
K6034,F3293,"3,15",Aceita
L6041,F3293,"3,48",Aceita
I6044,F3293,"3,82",Aceita
J6051,F3293,,Escolhida
L6053,F3293,"2,82",Aceita
K6070,F3293,"3,82",Aceita
I6080,F3293,"3,48",Cancelada
K6082,F3293,,Cancelada
I6098,F3293,"3,48",Negada
J6099,F3293,"3,48",Aceita
J6105,F3293,,Escolhida
J6111,F3293,,Aceita
I6116,F3293,,Negada
L6119,F3293,"3,15",Negada
L6137,F3293,,Aceita
H6139,F3293,,Escolhida
K6142,F3293,"2,48",Negada
I6158,F3293,,Aceita
G6162,F3293,,Aceita
K6166,F3293,"3,48",Negada
I6176,F3293,"3,15",Negada
G6180,F3293,"3,48",Aceita
I6182,F3293,"3,24",Negada
K6190,F3293,"2,15",Negada
G6192,F3293,,Aceita
H6199,F3293,,Aceita
G6204,F3293,,Aceita
L6209,F3293,,Aceita
J6213,F3293,,Aceita
H6217,F3293,"3,15",Negada
K6226,F3293,,Aceita
I6230,F3293,"3,15",Negada
K6238,F3293,"3,48",Aceita
H6241,F3293,"3,15",Negada
J6099,A3294,"3,48",Cancelada
I6116,A3294,,Cancelada
G6162,A3294,,Cancelada
H6175,A3294,,Cancelada
K6034,A3294,"3,15",Aceita
L6041,A3294,"3,48",Aceita
J6051,A3294,,Aceita
L6053,A3294,"2,82",Aceita
L6059,A3294,"2,15",Escolhida
L6089,A3294,"2,82",Escolhida
I6098,A3294,"3,48",Negada
J6105,A3294,,Aceita
J6111,A3294,,Aceita
G6114,A3294,,Negada
L6119,A3294,"3,15",Aceita
I6122,A3294,"3,48",Aceita
L6137,A3294,,Aceita
I6158,A3294,,Aceita
K6166,A3294,"3,48",Aceita
G6180,A3294,"3,48",Negada
J6213,A3294,,Aceita
H6217,A3294,"3,15",Negada
H6241,A3294,"3,15",Escolhida
H6013,B3295,"2,15",Negada
L6059,B3295,"2,15",Aceita
J6099,B3295,"3,48",Aceita
I6116,B3295,,Negada
L6137,B3295,,Aceita
G6192,B3295,,Aceita
J6213,B3295,,Aceita
H6217,B3295,"3,15",Aceita
J6081,C3296,,Aceita
K6130,C3296,"2,82",Aceita
L6005,D3297,,Cancelada
G6006,D3297,,Inválida / Cancelada
L6029,D3297,,Inválida / Cancelada
J6027,D3297,"4,29",Cancelada
L6059,D3297,"2,15",Cancelada
J6075,D3297,,Cancelada
L6077,D3297,"4,15",Cancelada
H6115,D3297,"3,15",Cancelada
J6159,D3297,,Cancelada
G6174,D3297,"3,48",Cancelada
I6176,D3297,"3,15",Cancelada
G6198,D3297,,Cancelada
I6206,D3297,"2,91",Cancelada
H6043,D3297,,Cancelada
L6071,D3297,"2,15",Cancelada
H6097,D3297,"3,48",Cancelada
K6100,D3297,,Cancelada
L6107,D3297,,Cancelada
H6109,D3297,,Cancelada
J6129,D3297,"3,48",Cancelada
H6145,D3297,"2,15",Negada
K6148,D3297,"2,15",Cancelada
G6156,D3297,,Cancelada
G6174,D3297,"3,48",Cancelada
I6218,D3297,,Cancelada
I6110,E3298,"2,82",Cancelada
L6011,F3299,,Escolhida
G6132,F3299,,Cancelada
I6212,F3299,,Cancelada
H6229,F3299,"4,15",Cancelada
G6042,F3299,,Negada
K6058,F3299,"3,48",Negada
I6068,F3299,,Negada
K6070,F3299,"3,82",Negada
H6085,F3299,"3,82",Negada
K6094,F3299,,Negada
L6095,F3299,,Escolhida
G6102,F3299,"3,48",Negada
K6112,F3299,"3,15",Negada
J6129,F3299,"3,48",Negada
G6132,F3299,,Inválida / Cancelada
J6147,F3299,,Aceita
L6185,F3299,,Negada
J6189,F3299,"4,15",Negada
J6201,F3299,,Negada
H6211,F3299,"3,82",Negada
H6229,F3299,"4,15",Negada
K6136,A3300,,Cancelada
G6216,A3300,"3,48",Cancelada
H6037,A3300,"2,48",Aceita
J6099,A3300,"3,48",Aceita
K6100,A3300,,Aceita
H6157,A3300,"3,48",Aceita
L6173,A3300,,Cancelada
G6174,A3300,"3,48",Aceita
L6197,A3300,"3,15",Aceita
K6220,A3300,"3,15",Aceita
J6225,A3300,"4,15",Aceita
L6041,B3301,"3,48",Aceita
I6008,C3302,"2,82",Aceita
H6013,C3302,"2,15",Aceita
L6017,C3302,,Aceita
I6020,C3302,"3,93",Escolhida
H6073,C3302,"2,82",Cancelada
J6111,C3302,,Cancelada
I6122,C3302,"3,48",Cancelada
H6175,C3302,,Cancelada
K6034,C3302,"3,15",Aceita
I6044,C3302,"3,82",Aceita
K6046,C3302,"2,48",Aceita
L6053,C3302,"2,82",Aceita
J6057,C3302,"2,82",Aceita
K6064,C3302,,Cancelada
G6066,C3302,,Cancelada
J6093,C3302,"3,82",Aceita
G6120,C3302,"3,15",Cancelada
G6126,C3302,,Aceita
I6128,C3302,,Aceita
L6131,C3302,,Aceita
H6139,C3302,,Aceita
K6142,C3302,"2,48",Negada
G6144,C3302,"3,15",Aceita
J6177,C3302,,Aceita
I6182,C3302,"3,24",Aceita
L6203,C3302,"2,15",Negada
G6204,C3302,,Aceita
I6206,C3302,"2,91",Negada
G6210,C3302,,Aceita
L6215,C3302,"2,48",Aceita
J6219,C3302,,Aceita
H6223,C3302,"2,82",Escolhida
I6230,C3302,"3,15",Aceita
J6231,C3302,"2,48",Aceita
K6238,C3302,"3,48",Aceita
L6017,D3303,,Aceita
I6206,D3303,"2,91",Escolhida
J6177,E3304,,Escolhida
G6210,E3304,,Negada
I6230,E3304,"3,15",Aceita
J6153,F3305,"2,82",Cancelada
J6015,A3306,"3,48",Negada
I6032,A3306,,Cancelada
I6050,A3306,"4,15",Aceita
I6188,A3306,,Escolhida
H6025,B3307,"2,82",Cancelada
J6153,B3307,"2,82",Cancelada
G6180,B3307,"3,48",Aceita
L6023,C3308,"4,15",Aceita
J6153,D3309,"2,82",Cancelada
H6091,D3309,"2,48",Aceita
I6122,D3309,"3,48",Aceita
H6001,E3310,,Aceita
J6003,E3310,"2,82",Negada
K6016,E3310,,Aceita
G6018,E3310,"3,48",Aceita
H6019,E3310,"2,82",Aceita
I6020,E3310,"3,93",Negada
K6022,E3310,"3,48",Aceita
J6027,E3310,"4,29",Negada
L6017,E3310,,Cancelada
L6077,E3310,"4,15",Cancelada
G6126,E3310,,Cancelada
J6159,E3310,,Cancelada
G6192,E3310,,Cancelada
L6203,E3310,"2,15",Cancelada
K6238,E3310,"3,48",Cancelada
K6034,E3310,"3,15",Aceita
J6039,E3310,,Escolhida
L6047,E3310,,Negada
G6048,E3310,"2,82",Negada
I6050,E3310,"4,15",Aceita
K6052,E3310,"2,15",Negada
L6059,E3310,"2,15",Negada
L6065,E3310,,Negada
L6083,E3310,"3,15",Negada
K6088,E3310,"2,82",Negada
G6096,E3310,"3,15",Aceita
H6097,E3310,"3,48",Negada
I6098,E3310,"3,48",Negada
L6107,E3310,,Negada
L6113,E3310,"3,82",Negada
H6115,E3310,"3,15",Negada
J6117,E3310,"4,15",Aceita
K6118,E3310,"4,15",Aceita
I6122,E3310,"3,48",Aceita
K6124,E3310,"3,48",Negada
L6125,E3310,"4,15",Escolhida
L6131,E3310,,Aceita
I6134,E3310,"3,48",Negada
H6139,E3310,,Negada
I6140,E3310,"3,15",Negada
I6146,E3310,"3,48",Aceita
G6156,E3310,,Negada
H6157,E3310,"3,48",Escolhida
H6163,E3310,,Aceita
I6170,E3310,,Negada
I6176,E3310,"3,15",Negada
G6180,E3310,"3,48",Negada
I6182,E3310,"3,24",Negada
J6189,E3310,"4,15",Aceita
G6198,E3310,,Escolhida
K6202,E3310,,Aceita
J6207,E3310,"3,48",Aceita
L6209,E3310,,Aceita
L6215,E3310,"2,48",Negada
H6223,E3310,"2,82",Negada
J6225,E3310,"4,15",Aceita
L6227,E3310,"2,15",Negada
I6230,E3310,"3,15",Negada
G6240,E3310,,Negada
I6020,F3311,"3,93",Negada
J6027,F3311,"4,29",Negada
L6005,F3311,,Cancelada
G6240,F3311,,Cancelada
K6040,F3311,"3,15",Negada
L6041,F3311,"3,48",Negada
L6059,F3311,"2,15",Negada
I6062,F3311,"3,48",Negada
J6093,F3311,"3,82",Negada
K6154,F3311,,Inválida / Cancelada
I6032,A3312,,Aceita
J6153,A3312,"2,82",Cancelada
I6050,A3312,"4,15",Aceita
G6210,B3313,,Cancelada
L6245,C3314,"4,15",Cancelada
G6216,C3314,"3,48",Inválida / Cancelada
G6174,D3315,"3,48",Cancelada
H6067,D3315,,Aceita
I6218,D3315,,Aceita
H6031,E3316,"3,15",Aceita
K6208,E3316,"2,48",Aceita
H6043,F3317,,Cancelada
G6066,F3317,,Cancelada
H6127,F3317,"3,15",Cancelada
I6206,F3317,"2,91",Cancelada
L6065,F3317,,Cancelada
L6083,F3317,"3,15",Cancelada
I6164,F3317,"2,82",Negada
J6165,F3317,"2,48",Cancelada
L6173,F3317,,Cancelada
L6215,F3317,"2,48",Aceita
L6227,F3317,"2,15",Cancelada
I6110,A3318,"2,82",Cancelada
K6016,B3319,,Aceita
L6017,B3319,,Aceita
L6029,B3319,,Escolhida
K6040,B3319,"3,15",Cancelada
J6093,B3319,"3,82",Cancelada
K6238,B3319,"3,48",Cancelada
L6035,B3319,"3,15",Aceita
K6046,B3319,"2,48",Aceita
G6054,B3319,"3,48",Aceita
J6057,B3319,"2,82",Aceita
K6088,B3319,"2,82",Aceita
J6099,B3319,"3,48",Aceita
I6116,B3319,,Cancelada
G6126,B3319,,Aceita
H6127,B3319,"3,15",Aceita
H6133,B3319,"2,82",Aceita
H6163,B3319,,Aceita
I6164,B3319,"2,82",Aceita
K6190,B3319,"2,15",Escolhida
L6191,B3319,,Aceita
G6192,B3319,,Cancelada
K6196,B3319,"2,48",Aceita
L6203,B3319,"2,15",Aceita
K6214,B3319,,Negada
L6215,B3319,"2,48",Aceita
I6218,B3319,,Aceita
L6227,B3319,"2,15",Escolhida
G6240,B3319,,Aceita
G6246,B3319,"2,82",Aceita
I6026,C3320,,Negada
H6175,C3320,,Cancelada
G6198,C3320,,Cancelada
I6230,C3320,"3,15",Cancelada
I6080,C3320,"3,48",Escolhida
G6126,C3320,,Negada
G6144,C3320,"3,15",Negada
G6162,C3320,,Aceita
K6166,C3320,"3,48",Inválida / Cancelada
H6199,C3320,,Aceita
G6204,C3320,,Aceita
J6207,C3320,"3,48",Aceita
L6209,C3320,,Aceita
J6213,C3320,,Escolhida
K6238,C3320,"3,48",Negada
J6123,D3321,,Aceita
J6159,D3321,,Escolhida
J6231,D3321,"2,48",Negada
H6157,E3322,"3,48",Cancelada
J6045,E3322,,Aceita
G6054,E3322,"3,48",Aceita
L6197,E3322,"3,15",Aceita
I6200,E3322,"3,82",Aceita
G6216,E3322,"3,48",Aceita
J6225,E3322,"4,15",Aceita
K6022,F3323,"3,48",Cancelada
L6023,F3323,"4,15",Cancelada
L6059,F3323,"2,15",Cancelada
I6068,F3323,,Cancelada
H6157,F3323,"3,48",Cancelada
J6039,F3323,,Aceita
J6045,F3323,,Aceita
I6062,F3323,"3,48",Aceita
I6068,F3323,,Cancelada
G6078,F3323,"3,48",Aceita
L6083,F3323,"3,15",Aceita
H6103,F3323,,Aceita
K6124,F3323,"3,48",Aceita
J6135,F3323,"3,48",Aceita
K6136,F3323,,Escolhida
I6140,F3323,"3,15",Aceita
J6159,F3323,,Aceita
H6175,F3323,,Aceita
J6189,F3323,"4,15",Escolhida
G6192,F3323,,Aceita
J6195,F3323,"3,48",Aceita
H6205,F3323,,Aceita
J6099,A3324,"3,48",Cancelada
H6061,A3324,"2,48",Aceita
K6142,A3324,"2,48",Escolhida
G6180,A3324,"3,48",Negada
I6188,A3324,,Aceita
G6180,B3325,"3,48",Aceita
G6024,C3326,"2,82",Cancelada
H6025,D3327,"2,82",Cancelada
J6153,D3327,"2,82",Cancelada
K6142,D3327,"2,48",Aceita
G6180,D3327,"3,48",Aceita
H6025,E3328,"2,82",Cancelada
L6167,E3328,,Negada
K6106,F3329,"2,48",Cancelada
J6033,F3329,"3,15",Aceita
I6092,F3329,"3,48",Inválida / Cancelada
H6145,F3329,"2,15",Aceita
H6151,F3329,"2,48",Cancelada
H6013,A3330,"2,15",Negada
H6007,A3330,"3,15",Cancelada
L6131,A3330,,Cancelada
H6199,A3330,,Cancelada
K6238,A3330,"3,48",Cancelada
L6053,A3330,"2,82",Negada
H6067,A3330,,Aceita
L6107,A3330,,Cancelada
J6123,A3330,,Negada
G6144,A3330,"3,15",Negada
J6177,A3330,,Negada
L6017,B3331,,Aceita
G6012,B3331,,Cancelada
H6193,B3331,"2,82",Cancelada
I6230,B3331,"3,15",Cancelada
G6120,B3331,"3,15",Cancelada
I6182,B3331,"3,24",Aceita
I6116,C3332,,Cancelada
K6214,C3332,,Negada
J6015,D3333,"3,48",Aceita
G6018,D3333,"3,48",Negada
G6138,D3333,,Cancelada
I6242,E3334,"2,82",Aceita
J6027,F3335,"4,29",Escolhida
K6208,F3335,"2,48",Cancelada
K6052,F3335,"2,15",Negada
G6066,F3335,,Cancelada
I6074,F3335,,Negada
L6089,F3335,"2,82",Negada
L6101,F3335,"3,48",Aceita
L6107,F3335,,Cancelada
G6114,F3335,,Aceita
H6115,F3335,"3,15",Negada
I6122,F3335,"3,48",Aceita
H6139,F3335,,Aceita
I6176,F3335,"3,15",Cancelada
G6192,F3335,,Escolhida
G6198,F3335,,Aceita
L6203,F3335,"2,15",Negada
G6234,F3335,"3,48",Negada
G6000,A3336,"4,15",Negada
L6011,A3336,,Aceita
H6013,A3336,"2,15",Negada
I6026,A3336,,Negada
L6161,A3336,,Cancelada
K6190,A3336,"2,15",Cancelada
L6041,A3336,"3,48",Negada
L6053,A3336,"2,82",Negada
K6064,A3336,,Cancelada
K6070,A3336,"3,82",Aceita
H6073,A3336,"2,82",Aceita
I6080,A3336,"3,48",Negada
K6100,A3336,,Inválida / Cancelada
L6101,A3336,"3,48",Inválida / Cancelada
I6116,A3336,,Negada
I6122,A3336,"3,48",Negada
I6128,A3336,,Negada
H6139,A3336,,Negada
J6147,A3336,,Negada
G6162,A3336,,Aceita
G6198,A3336,,Negada
H6199,A3336,,Negada
J6201,A3336,,Negada
J6207,A3336,"3,48",Negada
L6209,A3336,,Negada
J6213,A3336,,Negada
K6220,A3336,"3,15",Inválida / Cancelada
I6230,A3336,"3,15",Negada
H6001,B3337,,Aceita
G6012,B3337,,WaitList
G6018,B3337,"3,48",Aceita
K6022,B3337,"3,48",Escolhida
I6026,B3337,,Aceita
K6040,B3337,"3,15",Aceita
G6042,B3337,,Escolhida
J6045,B3337,,Negada
G6054,B3337,"3,48",Aceita
J6057,B3337,"2,82",Negada
K6058,B3337,"3,48",Aceita
G6066,B3337,,Cancelada
H6067,B3337,,Aceita
I6080,B3337,"3,48",Aceita
H6085,B3337,"3,82",Aceita
I6086,B3337,"3,15",Aceita
K6088,B3337,"2,82",Aceita
H6097,B3337,"3,48",Escolhida
L6101,B3337,"3,48",Aceita
H6103,B3337,,Aceita
K6112,B3337,"3,15",Aceita
L6113,B3337,"3,82",Aceita
K6124,B3337,"3,48",Aceita
L6125,B3337,"4,15",Aceita
H6133,B3337,"2,82",Aceita
I6134,B3337,"3,48",Escolhida
I6140,B3337,"3,15",Aceita
G6144,B3337,"3,15",Negada
I6146,B3337,"3,48",Aceita
H6157,B3337,"3,48",Aceita
J6159,B3337,,Aceita
K6160,B3337,"2,82",Negada
G6162,B3337,,Aceita
H6163,B3337,,Aceita
G6168,B3337,"3,82",Aceita
I6170,B3337,,Aceita
H6175,B3337,,Aceita
L6179,B3337,"4,15",Aceita
G6192,B3337,,Aceita
K6196,B3337,"2,48",Negada
K6202,B3337,,Escolhida
J6207,B3337,"3,48",Aceita
L6215,B3337,"2,48",Negada
L6221,B3337,"3,15",Negada
J6225,B3337,"4,15",Aceita
L6227,B3337,"2,15",Negada
K6238,B3337,"3,48",Aceita
G6240,B3337,,Negada
J6243,B3337,"2,82",Aceita
G6042,C3338,,Cancelada
I6062,C3338,"3,48",Aceita
H6175,C3338,,Aceita
G6186,C3338,"3,15",Cancelada
I6242,C3338,"2,82",Aceita
H6103,D3339,,Cancelada
J6045,D3339,,Aceita
G6054,D3339,"3,48",Aceita
I6062,D3339,"3,48",Aceita
I6134,D3339,"3,48",Aceita
L6143,D3339,"3,48",Aceita
H6145,D3339,"2,15",Aceita
G6168,D3339,"3,82",Aceita
J6195,D3339,"3,48",Aceita
L6197,D3339,"3,15",Aceita
I6038,E3340,"3,15",Cancelada
H6049,E3340,,Aceita
K6142,E3340,"2,48",Aceita
G6174,E3340,"3,48",Aceita
L6245,E3340,"4,15",Aceita
G6054,F3341,"3,48",Aceita
I6092,A3342,"3,48",Cancelada
K6004,B3343,"3,15",Negada
H6037,B3343,"2,48",Cancelada
K6220,B3343,"3,15",Negada
H6013,C3344,"2,15",Negada
G6030,C3344,"3,15",Aceita
G6066,C3344,,Cancelada
K6196,C3344,"2,48",Cancelada
K6034,C3344,"3,15",Negada
K6040,C3344,"3,15",Negada
I6044,C3344,"3,82",Aceita
K6052,C3344,"2,15",Negada
L6053,C3344,"2,82",Negada
J6057,C3344,"2,82",Negada
L6065,C3344,,Negada
K6070,C3344,"3,82",Aceita
K6088,C3344,"2,82",Negada
L6101,C3344,"3,48",Aceita
K6118,C3344,"4,15",Aceita
I6128,C3344,,Negada
H6133,C3344,"2,82",Negada
H6139,C3344,,Negada
K6154,C3344,,Inválida / Cancelada
H6175,C3344,,Negada
J6201,C3344,,Aceita
K6226,C3344,,Negada
I6230,C3344,"3,15",Negada
L6239,C3344,"3,48",Negada
J6243,C3344,"2,82",Escolhida
I6008,D3345,"2,82",Negada
L6107,D3345,,Cancelada
H6109,D3345,,Negada
H6031,E3346,"3,15",Aceita
I6014,F3347,"2,82",Cancelada
L6005,F3347,,Cancelada
L6077,F3347,"4,15",Cancelada
H6115,F3347,"3,15",Cancelada
J6135,F3347,"3,48",Cancelada
I6218,F3347,,Cancelada
L6221,F3347,"3,15",Cancelada
J6039,F3347,,Cancelada
J6045,F3347,,Cancelada
G6072,F3347,"3,48",Inválida / Cancelada
G6078,F3347,"3,48",Cancelada
K6130,F3347,"2,82",Cancelada
K6184,F3347,,Cancelada
I6092,A3348,"3,48",Cancelada
G6000,B3349,"4,15",Negada
I6026,B3349,,Aceita
L6053,B3349,"2,82",Cancelada
L6101,B3349,"3,48",Cancelada
H6103,B3349,,Cancelada
L6125,B3349,"4,15",Cancelada
I6194,B3349,,Cancelada
L6203,B3349,"2,15",Cancelada
I6056,B3349,"3,82",Negada
H6079,B3349,,Escolhida
K6082,B3349,,Negada
K6094,B3349,,Negada
J6147,B3349,,Aceita
L6149,B3349,"4,15",Negada
K6226,B3349,,Negada
I6188,C3350,,Cancelada
L6041,C3350,"3,48",Aceita
G6138,C3350,,Aceita
J6003,D3351,"2,82",Aceita
L6203,D3351,"2,15",Cancelada
J6039,D3351,,Aceita
K6040,D3351,"3,15",Aceita
J6045,D3351,,Aceita
G6054,D3351,"3,48",Aceita
L6065,D3351,,Aceita
L6083,D3351,"3,15",Aceita
G6096,D3351,"3,15",Aceita
H6097,D3351,"3,48",Aceita
I6110,D3351,"2,82",Cancelada
K6130,D3351,"2,82",Aceita
I6140,D3351,"3,15",Aceita
H6145,D3351,"2,15",Aceita
H6157,D3351,"3,48",Cancelada
J6159,D3351,,Aceita
H6163,D3351,,Cancelada
K6196,D3351,"2,48",Aceita
L6197,D3351,"3,15",Aceita
I6224,D3351,"3,15",Escolhida
G6240,D3351,,Aceita
I6242,D3351,"2,82",Aceita
L6029,E3352,,Negada
H6073,E3352,"2,82",Aceita
K6136,E3352,,Aceita
K6208,E3352,"2,48",Negada
J6231,E3352,"2,48",Negada
H6049,F3353,,Aceita
G6090,F3353,"3,48",Aceita
J6165,F3353,"2,48",Aceita
L6179,F3353,"4,15",Cancelada
G6162,A3354,,Negada
I6188,A3354,,Negada
L6011,B3355,,Negada
K6022,B3355,"3,48",Negada
L6023,B3355,"4,15",Cancelada
G6030,B3355,"3,15",Escolhida
K6022,B3355,"3,48",Cancelada
K6112,B3355,"3,15",Cancelada
L6113,B3355,"3,82",Cancelada
J6141,B3355,"3,82",Cancelada
H6205,B3355,,Cancelada
H6229,B3355,"4,15",Cancelada
G6234,B3355,"3,48",Cancelada
L6041,B3355,"3,48",Negada
I6044,B3355,"3,82",Negada
J6051,B3355,,Negada
I6080,B3355,"3,48",Negada
I6080,B3355,"3,48",Negada
K6094,B3355,,Negada
L6095,B3355,,Negada
G6096,B3355,"3,15",Negada
L6101,B3355,"3,48",Negada
G6108,B3355,,Negada
K6124,B3355,"3,48",Negada
I6128,B3355,,Negada
I6146,B3355,"3,48",Negada
J6147,B3355,,Aceita
H6163,B3355,,Negada
K6166,B3355,"3,48",Negada
G6168,B3355,"3,82",Negada
I6176,B3355,"3,15",Negada
H6181,B3355,,Negada
L6185,B3355,,Negada
J6189,B3355,"4,15",Negada
H6199,B3355,,Negada
J6201,B3355,,Negada
L6203,B3355,"2,15",Negada
J6207,B3355,"3,48",Negada
H6229,B3355,"4,15",Negada
J6237,B3355,,Negada
G6012,C3356,,Aceita
H6013,C3356,"2,15",Escolhida
I6026,C3356,,Cancelada
I6170,C3356,,Cancelada
G6066,C3356,,Cancelada
K6076,C3356,"3,15",Cancelada
L6077,C3356,"4,15",Cancelada
I6080,C3356,"3,48",Cancelada
K6082,C3356,,Cancelada
J6099,C3356,"3,48",Cancelada
L6113,C3356,"3,82",Cancelada
I6116,C3356,,Cancelada
K6190,C3356,"2,15",Cancelada
G6222,C3356,"2,82",Cancelada
K6238,C3356,"3,48",Cancelada
G6240,C3356,,Cancelada
L6053,C3356,"2,82",Aceita
H6097,C3356,"3,48",Aceita
G6114,C3356,,Negada
K6118,C3356,"4,15",Aceita
H6163,C3356,,Aceita
L6173,C3356,,Cancelada
H6175,C3356,,Aceita
K6202,C3356,,Aceita
L6203,C3356,"2,15",Aceita
H6235,C3356,"3,15",Aceita
J6243,C3356,"2,82",Aceita
J6105,D3357,,Cancelada
I6188,E3358,,Cancelada
K6106,F3359,"2,48",Cancelada
J6195,F3359,"3,48",Aceita
L6245,F3359,"4,15",Aceita
H6235,A3360,"3,15",Cancelada
I6128,A3360,,Negada
J6219,A3360,,Negada
L6077,B3361,"4,15",Cancelada
I6140,B3361,"3,15",Cancelada
J6213,B3361,,Cancelada
K6058,B3361,"3,48",Negada
G6060,B3361,"3,82",Negada
H6103,B3361,,Negada
G6108,B3361,,Negada
G6120,B3361,"3,15",Cancelada
I6128,B3361,,Aceita
I6134,B3361,"3,48",Negada
I6146,B3361,"3,48",Negada
G6168,B3361,"3,82",Negada
H6181,B3361,,Negada
J6195,B3361,"3,48",Negada
H6109,C3362,,Cancelada
L6095,D3363,,Cancelada
K6190,D3363,"2,15",Cancelada
K6208,D3363,"2,48",Cancelada
J6051,D3363,,Negada
I6098,D3363,"3,48",Negada
I6122,D3363,"3,48",Aceita
G6126,D3363,,Negada
H6139,D3363,,Negada
J6177,D3363,,Negada
I6116,E3364,,Cancelada
I6122,E3364,"3,48",Cancelada
I6230,E3364,"3,15",Cancelada
L6035,E3364,"3,15",Aceita
J6051,E3364,,Negada
K6052,E3364,"2,15",Negada
I6098,E3364,"3,48",Aceita
I6170,E3364,,Aceita
J6171,E3364,,Aceita
I6182,E3364,"3,24",Aceita
K6190,E3364,"2,15",Negada
G6210,E3364,,Aceita
H6217,E3364,"3,15",Cancelada
H6235,E3364,"3,15",Aceita
H6241,E3364,"3,15",Aceita
J6033,F3365,"3,15",Aceita
H6151,F3365,"2,48",Aceita
G6168,F3365,"3,82",Aceita
J6195,F3365,"3,48",Aceita
L6245,F3365,"4,15",Aceita
G6012,A3366,,Inválida / Cancelada
K6052,A3366,"2,15",Negada
G6114,A3366,,Aceita
J6123,A3366,,Aceita
K6208,A3366,"2,48",Aceita
G6222,A3366,"2,82",Aceita
H6223,B3367,"2,82",Cancelada
K6034,B3367,"3,15",Aceita
K6040,B3367,"3,15",Aceita
K6154,B3367,,Cancelada
K6196,B3367,"2,48",Aceita
L6215,B3367,"2,48",Aceita
L6227,B3367,"2,15",Aceita
G6240,B3367,,Aceita
I6014,C3368,"2,82",Aceita
J6003,D3369,"2,82",Aceita
L6005,D3369,,Escolhida
I6008,D3369,"2,82",Aceita
H6019,D3369,"2,82",Aceita
I6020,D3369,"3,93",Aceita
J6021,D3369,,Escolhida
J6027,D3369,"4,29",Aceita
I6002,D3369,,Cancelada
G6012,D3369,,Cancelada
K6040,D3369,"3,15",Cancelada
L6059,D3369,"2,15",Cancelada
I6068,D3369,,Cancelada
L6077,D3369,"4,15",Cancelada
L6101,D3369,"3,48",Cancelada
H6115,D3369,"3,15",Cancelada
G6156,D3369,,Cancelada
J6189,D3369,"4,15",Cancelada
G6210,D3369,,Cancelada
I6236,D3369,,Cancelada
K6034,D3369,"3,15",Aceita
H6037,D3369,"2,48",Aceita
J6039,D3369,,Aceita
H6043,D3369,,Escolhida
J6045,D3369,,Aceita
K6046,D3369,"2,48",Aceita
L6047,D3369,,Aceita
K6052,D3369,"2,15",Aceita
G6054,D3369,"3,48",Aceita
I6056,D3369,"3,82",Aceita
L6065,D3369,,Escolhida
J6069,D3369,,Escolhida
G6072,D3369,"3,48",Escolhida
J6075,D3369,,Aceita
G6078,D3369,"3,48",Escolhida
J6081,D3369,,Inválida / Cancelada
L6083,D3369,"3,15",Escolhida
G6084,D3369,"2,82",Escolhida
K6088,D3369,"2,82",Aceita
I6092,D3369,"3,48",Cancelada
G6096,D3369,"3,15",Aceita
I6098,D3369,"3,48",Aceita
H6103,D3369,,Escolhida
L6107,D3369,,Cancelada
H6109,D3369,,Aceita
J6117,D3369,"4,15",Aceita
J6123,D3369,,Cancelada
K6124,D3369,"3,48",Aceita
L6125,D3369,"4,15",Aceita
H6127,D3369,"3,15",Escolhida
J6129,D3369,"3,48",Aceita
K6130,D3369,"2,82",Aceita
L6131,D3369,,Aceita
G6132,D3369,,Aceita
I6134,D3369,"3,48",Aceita
J6135,D3369,"3,48",Aceita
I6140,D3369,"3,15",Aceita
L6143,D3369,"3,48",Escolhida
I6146,D3369,"3,48",Aceita
K6148,D3369,"2,15",Cancelada
L6149,D3369,"4,15",Cancelada
K6154,D3369,,Cancelada
I6158,D3369,,Cancelada
H6163,D3369,,Aceita
I6164,D3369,"2,82",Cancelada
J6165,D3369,"2,48",Aceita
G6168,D3369,"3,82",Escolhida
I6170,D3369,,Aceita
J6171,D3369,,Cancelada
L6173,D3369,,Cancelada
G6174,D3369,"3,48",Aceita
J6177,D3369,,Aceita
H6181,D3369,,Escolhida
K6184,D3369,,Aceita
J6195,D3369,"3,48",Escolhida
K6196,D3369,"2,48",Aceita
L6197,D3369,"3,15",Aceita
G6198,D3369,,Aceita
I6200,D3369,"3,82",Aceita
I6206,D3369,"2,91",Aceita
K6208,D3369,"2,48",Escolhida
L6215,D3369,"2,48",Aceita
I6218,D3369,,Cancelada
L6221,D3369,"3,15",Escolhida
I6224,D3369,"3,15",Aceita
J6225,D3369,"4,15",Aceita
L6227,D3369,"2,15",Aceita
I6236,D3369,,Aceita
G6240,D3369,,Aceita
K6004,E3370,"3,15",Negada
L6011,E3370,,Aceita
H6025,E3370,"2,82",Cancelada
I6074,E3370,,Cancelada
L6101,E3370,"3,48",Cancelada
G6108,E3370,,Cancelada
J6147,E3370,,Cancelada
L6161,E3370,,Cancelada
L6161,E3370,,Cancelada
H6193,E3370,"2,82",Cancelada
J6051,E3370,,Negada
G6066,E3370,,Cancelada
K6076,E3370,"3,15",Negada
K6082,E3370,,Negada
J6087,E3370,"2,48",Negada
L6089,E3370,"2,82",Negada
J6099,E3370,"3,48",Negada
J6105,E3370,,Negada
J6111,E3370,,Negada
G6114,E3370,,Negada
I6122,E3370,"3,48",Negada
L6137,E3370,,Negada
J6147,E3370,,Aceita
K6190,E3370,"2,15",Negada
L6191,E3370,,Aceita
G6198,E3370,,Negada
J6015,F3371,"3,48",Negada
I6032,F3371,,Aceita
J6153,F3371,"2,82",Escolhida
I6188,F3371,,Aceita
I6188,A3372,,Cancelada
G6138,B3373,,Aceita
J6003,C3374,"2,82",Aceita
H6031,C3374,"3,15",Aceita
G6012,C3374,,Cancelada
K6034,C3374,"3,15",Aceita
L6071,C3374,"2,15",Aceita
H6115,C3374,"3,15",Aceita
G6156,C3374,,Escolhida
K6208,C3374,"2,48",Aceita
K6232,C3374,,Escolhida
L6059,D3375,"2,15",Aceita
I6062,D3375,"3,48",Aceita
G6156,D3375,,Aceita
J6231,D3375,"2,48",Aceita
K6244,E3376,,Aceita
J6135,F3377,"3,48",Cancelada
H6157,A3378,"3,48",Aceita
J6027,B3379,"4,29",Negada
K6010,B3379,"2,82",Cancelada
I6026,B3379,,Cancelada
K6064,B3379,,Cancelada
J6075,B3379,,Cancelada
G6120,B3379,"3,15",Cancelada
H6193,B3379,"2,82",Cancelada
L6227,B3379,"2,15",Cancelada
L6035,B3379,"3,15",Negada
L6041,B3379,"3,48",Inválida / Cancelada
L6053,B3379,"2,82",Escolhida
L6059,B3379,"2,15",Negada
G6066,B3379,,Cancelada
H6067,B3379,,Negada
H6073,B3379,"2,82",Negada
I6080,B3379,"3,48",Negada
I6080,B3379,"3,48",Negada
L6101,B3379,"3,48",Aceita
J6111,B3379,,Inválida / Cancelada
G6114,B3379,,Inválida / Cancelada
I6122,B3379,"3,48",Escolhida
L6137,B3379,,Inválida / Cancelada
G6162,B3379,,Aceita
H6175,B3379,,Aceita
I6176,B3379,"3,15",Negada
G6192,B3379,,Negada
H6199,B3379,,Negada
G6204,B3379,,Negada
J6207,B3379,"3,48",Negada
L6209,B3379,,Negada
L6215,B3379,"2,48",Cancelada
H6223,B3379,"2,82",Negada
L6239,B3379,"3,48",Inválida / Cancelada
J6039,C3380,,Cancelada
G6054,C3380,"3,48",Aceita
I6140,C3380,"3,15",Aceita
L6197,C3380,"3,15",Aceita
J6225,C3380,"4,15",Aceita
H6109,D3381,,Aceita
G6150,E3382,,Escolhida
J6135,F3383,"3,48",Cancelada
J6195,F3383,"3,48",Cancelada
I6236,F3383,,Cancelada
I6062,F3383,"3,48",Aceita
G6072,F3383,"3,48",Inválida / Cancelada
G6078,F3383,"3,48",Aceita
L6143,F3383,"3,48",Aceita
K6184,F3383,,Aceita
J6225,F3383,"4,15",Aceita
I6122,A3384,"3,48",Cancelada
J6213,A3384,,Cancelada
L6041,A3384,"3,48",Escolhida
I6050,A3384,"4,15",Aceita
J6057,A3384,"2,82",Negada
K6064,A3384,,Cancelada
L6065,A3384,,Negada
H6067,A3384,,Aceita
K6070,A3384,"3,82",Aceita
I6086,A3384,"3,15",Aceita
H6121,A3384,"3,48",Escolhida
L6131,A3384,,Aceita
L6137,A3384,,Cancelada
K6166,A3384,"3,48",Escolhida
L6179,A3384,"4,15",Escolhida
J6189,A3384,"4,15",Aceita
G6204,A3384,,Aceita
J6207,A3384,"3,48",Aceita
K6238,A3384,"3,48",Negada
L6239,A3384,"3,48",Escolhida
K6106,B3385,"2,48",Aceita
L6131,B3385,,Aceita
K6238,B3385,"3,48",Escolhida
I6050,C3386,"4,15",Aceita
H6055,C3386,,Escolhida
J6135,C3386,"3,48",Escolhida
G6216,C3386,"3,48",Negada
J6225,C3386,"4,15",Inválida / Cancelada
L6233,C3386,,Escolhida
G6012,D3387,,Inválida / Cancelada
G6018,D3387,"3,48",Aceita
H6073,D3387,"2,82",Cancelada
L6113,D3387,"3,82",Cancelada
G6174,D3387,"3,48",Cancelada
L6179,D3387,"4,15",Cancelada
L6203,D3387,"2,15",Cancelada
K6238,D3387,"3,48",Cancelada
H6037,D3387,"2,48",Escolhida
H6043,D3387,,Cancelada
K6046,D3387,"2,48",Aceita
J6057,D3387,"2,82",Aceita
K6058,D3387,"3,48",Aceita
G6060,D3387,"3,82",Aceita
J6063,D3387,,Aceita
L6083,D3387,"3,15",Aceita
K6088,D3387,"2,82",Aceita
L6089,D3387,"2,82",Aceita
G6096,D3387,"3,15",Aceita
H6097,D3387,"3,48",Aceita
J6123,D3387,,Escolhida
L6125,D3387,"4,15",Aceita
G6126,D3387,,Aceita
H6127,D3387,"3,15",Aceita
H6133,D3387,"2,82",Aceita
L6137,D3387,,Aceita
K6142,D3387,"2,48",Cancelada
K6160,D3387,"2,82",Aceita
G6174,D3387,"3,48",Cancelada
G6192,D3387,,Cancelada
K6196,D3387,"2,48",Aceita
K6202,D3387,,Aceita
L6215,D3387,"2,48",Aceita
I6218,D3387,,Aceita
L6221,D3387,"3,15",Cancelada
G6222,D3387,"2,82",Escolhida
L6227,D3387,"2,15",Aceita
G6240,D3387,,Aceita
J6231,E3388,"2,48",Negada
H6163,F3389,,Cancelada
J6033,F3389,"3,15",Aceita
H6043,F3389,,Aceita
L6047,F3389,,Escolhida
H6049,F3389,,Aceita
G6060,F3389,"3,82",Cancelada
H6067,F3389,,Aceita
J6069,F3389,,Aceita
J6075,F3389,,Aceita
H6109,F3389,,Aceita
H6121,F3389,"3,48",Aceita
H6151,F3389,"2,48",Cancelada
G6174,F3389,"3,48",Aceita
I6218,F3389,,Aceita
G6222,F3389,"2,82",Negada
G6228,F3389,,Negada
G6000,A3390,"4,15",Aceita
H6007,A3390,"3,15",Cancelada
L6101,A3390,"3,48",Cancelada
H6193,A3390,"2,82",Cancelada
L6053,A3390,"2,82",Aceita
I6080,A3390,"3,48",WaitList
I6128,A3390,,Negada
J6207,A3390,"3,48",Escolhida
I6230,A3390,"3,15",Negada
L6239,A3390,"3,48",Negada
G6018,B3391,"3,48",Aceita
J6153,B3391,"2,82",Cancelada
H6025,C3392,"2,82",Cancelada
K6010,C3392,"2,82",Cancelada
K6064,C3392,,Cancelada
I6170,C3392,,Cancelada
J6201,C3392,,Cancelada
J6219,C3392,,Cancelada
L6041,C3392,"3,48",Negada
I6044,C3392,"3,82",Aceita
L6053,C3392,"2,82",Aceita
L6065,C3392,,Negada
I6080,C3392,"3,48",Negada
I6080,C3392,"3,48",Negada
J6105,C3392,,Negada
G6120,C3392,"3,15",Cancelada
L6131,C3392,,Aceita
L6137,C3392,,Aceita
K6166,C3392,"3,48",Aceita
I6176,C3392,"3,15",Aceita
I6182,C3392,"3,24",Negada
K6190,C3392,"2,15",Negada
H6199,C3392,,Escolhida
G6204,C3392,,Negada
J6213,C3392,,Aceita
I6230,C3392,"3,15",Escolhida
K6238,C3392,"3,48",Aceita
L6239,C3392,"3,48",Aceita
K6010,D3393,"2,82",Cancelada
I6050,D3393,"4,15",Cancelada
G6090,D3393,"3,48",Cancelada
G6138,D3393,,Cancelada
H6067,D3393,,Negada
J6069,D3393,,Negada
H6121,D3393,"3,48",Negada
L6239,D3393,"3,48",Negada
L6221,E3394,"3,15",Cancelada
J6045,E3394,,Negada
H6109,E3394,,Negada
K6130,E3394,"2,82",Negada
I6242,E3394,"2,82",Cancelada
K6244,E3394,,Aceita
H6025,F3395,"2,82",Cancelada
G6210,F3395,,Cancelada
H6091,F3395,"2,48",Aceita
G6090,A3396,"3,48",Aceita
H6061,B3397,"2,48",Aceita
L6155,B3397,"2,82",WaitList
I6092,C3398,"3,48",Escolhida
G6228,D3399,,Cancelada
J6195,D3399,"3,48",Cancelada
I6014,E3400,"2,82",Aceita
H6109,E3400,,Aceita
I6008,F3401,"2,82",Negada
I6026,F3401,,Aceita
K6010,F3401,"2,82",Cancelada
K6118,F3401,"4,15",Aceita
G6126,F3401,,WaitList
L6131,F3401,,Negada
G6162,F3401,,Aceita
H6175,F3401,,Aceita
L6179,F3401,"4,15",Aceita
K6184,A3402,,Aceita
I6110,B3403,"2,82",Aceita
G6006,C3404,,Aceita
I6110,D3405,"2,82",Escolhida
L6029,E3406,,Cancelada
L6023,F3407,"4,15",Cancelada
I6104,F3407,,Cancelada
K6118,F3407,"4,15",Cancelada
L6125,F3407,"4,15",Cancelada
J6141,F3407,"3,82",Cancelada
H6205,F3407,,Cancelada
H6229,F3407,"4,15",Cancelada
I6044,F3407,"3,82",Negada
I6056,F3407,"3,82",Negada
K6058,F3407,"3,48",Negada
K6082,F3407,,Negada
K6094,F3407,,Negada
L6095,F3407,,Negada
H6103,F3407,,Negada
G6108,F3407,,Negada
K6112,F3407,"3,15",Negada
G6114,F3407,,Negada
K6124,F3407,"3,48",Negada
J6129,F3407,"3,48",Negada
I6140,F3407,"3,15",Negada
I6146,F3407,"3,48",Negada
J6147,F3407,,Negada
H6181,F3407,,Negada
K6202,F3407,,Negada
H6211,F3407,"3,82",Negada
I6212,F3407,,Aceita
L6023,A3408,"4,15",Negada
L6023,A3408,"4,15",Cancelada
I6068,A3408,,Cancelada
H6187,A3408,,Negada
H6211,A3408,"3,82",Negada
J6213,A3408,,Aceita
H6079,B3409,,Cancelada
L6095,B3409,,Aceita
I6128,B3409,,Aceita
I6026,C3410,,WaitList
L6101,C3410,"3,48",Cancelada
K6046,C3410,"2,48",Negada
I6050,C3410,"4,15",Negada
J6057,C3410,"2,82",Negada
J6069,C3410,,Negada
I6080,C3410,"3,48",WaitList
J6099,C3410,"3,48",Negada
L6131,C3410,,Negada
G6144,C3410,"3,15",Negada
G6192,C3410,,Negada
H6193,C3410,"2,82",Escolhida
G6198,C3410,,Inválida / Cancelada
G6204,C3410,,Negada
L6209,C3410,,Negada
K6238,C3410,"3,48",Negada
J6243,C3410,"2,82",Negada
J6195,D3411,"3,48",Cancelada
H6055,D3411,,Cancelada
J6195,D3411,"3,48",Cancelada
H6013,E3412,"2,15",WaitList
L6017,E3412,,Aceita
L6023,E3412,"4,15",Negada
H6235,E3412,"3,15",Cancelada
H6079,E3412,,Cancelada
I6128,E3412,,Escolhida
J6213,E3412,,Aceita
L6023,F3413,"4,15",WaitList
L6023,F3413,"4,15",Cancelada
I6194,F3413,,Cancelada
H6235,F3413,"3,15",Cancelada
J6189,F3413,"4,15",Negada
J6195,F3413,"3,48",Negada
I6200,F3413,"3,82",Negada
H6229,F3413,"4,15",Negada
I6062,A3414,"3,48",Aceita
H6097,A3414,"3,48",Cancelada
G6000,B3415,"4,15",Negada
L6023,B3415,"4,15",Cancelada
K6022,B3415,"3,48",Cancelada
I6080,B3415,"3,48",Cancelada
I6104,B3415,,Cancelada
I6140,B3415,"3,15",Cancelada
J6141,B3415,"3,82",Cancelada
J6183,B3415,,Cancelada
H6229,B3415,"4,15",Cancelada
I6044,B3415,"3,82",Negada
I6056,B3415,"3,82",Negada
K6058,B3415,"3,48",Negada
K6094,B3415,,Negada
L6095,B3415,,Negada
L6101,B3415,"3,48",Negada
G6102,B3415,"3,48",Negada
H6103,B3415,,Negada
G6108,B3415,,Negada
K6124,B3415,"3,48",Negada
L6125,B3415,"4,15",Negada
G6132,B3415,,Negada
J6147,B3415,,Negada
L6149,B3415,"4,15",Negada
I6176,B3415,"3,15",Negada
H6181,B3415,,Negada
L6185,B3415,,Negada
J6195,B3415,"3,48",Negada
H6211,B3415,"3,82",Negada
I6212,B3415,,Negada
H6229,B3415,"4,15",Negada
J6237,B3415,,Negada
K6112,C3416,"3,15",Negada
L6149,C3416,"4,15",Negada
L6023,D3417,"4,15",Cancelada
J6117,D3417,"4,15",Negada
J6213,D3417,,Aceita
J6219,D3417,,Negada
H6127,E3418,"3,15",Aceita
L6029,F3419,,Negada
H6157,F3419,"3,48",Cancelada
J6231,F3419,"2,48",Aceita
I6242,F3419,"2,82",Escolhida
J6081,A3420,,Cancelada
H6145,B3421,"2,15",Aceita
H6049,C3422,,Cancelada
K6142,C3422,"2,48",Negada
L6239,C3422,"3,48",Aceita
K6208,D3423,"2,48",Aceita
H6145,E3424,"2,15",Aceita
I6242,E3424,"2,82",Aceita
L6023,F3425,"4,15",Negada
K6094,F3425,,Negada
G6132,F3425,,Negada
H6181,F3425,,Negada
J6213,F3425,,Negada
J6237,F3425,,Negada
H6169,A3426,,Cancelada
L6035,A3426,"3,15",Aceita
I6164,A3426,"2,82",Cancelada
I6026,B3427,,Aceita
K6010,B3427,"2,82",Cancelada
J6063,B3427,,Inválida / Cancelada
J6243,B3427,"2,82",Aceita
G6000,C3428,"4,15",Negada
J6015,C3428,"3,48",Negada
L6023,C3428,"4,15",Negada
G6030,C3428,"3,15",Negada
L6023,C3428,"4,15",Cancelada
J6051,C3428,,Cancelada
I6080,C3428,"3,48",Cancelada
L6101,C3428,"3,48",Cancelada
J6111,C3428,,Cancelada
J6183,C3428,,Cancelada
H6187,C3428,,Cancelada
G6042,C3428,,Negada
K6070,C3428,"3,82",Escolhida
H6085,C3428,"3,82",Negada
K6094,C3428,,Negada
G6102,C3428,"3,48",Negada
I6104,C3428,,Escolhida
G6108,C3428,,Negada
J6129,C3428,"3,48",Negada
G6132,C3428,,Negada
J6141,C3428,"3,82",Negada
J6147,C3428,,Negada
I6158,C3428,,Negada
J6189,C3428,"4,15",Negada
J6201,C3428,,Negada
H6211,C3428,"3,82",Negada
I6212,C3428,,Negada
J6237,C3428,,Negada
H6001,D3429,,Aceita
J6087,D3429,"2,48",Cancelada
L6167,D3429,,Cancelada
G6042,D3429,,Aceita
H6043,D3429,,Aceita
L6047,D3429,,Aceita
H6049,D3429,,Aceita
H6127,D3429,"3,15",Negada
K6142,D3429,"2,48",Negada
K6160,D3429,"2,82",Escolhida
J6165,D3429,"2,48",Escolhida
L6239,D3429,"3,48",Aceita